"Access (Q5_1)","Overall Index","Canteen (Q4_1)","Sector","Gender"
67.2727272727273,65,65,"Public","Male"
89.0909090909091,70,61.6666666666667,"Public","Male"
90.9090909090909,80.625,83.3333333333333,"Public","Female"
85.4545454545455,78,78.3333333333333,"Public","Female"
87.2727272727273,78.1818181818182,80,"Public","Female"
61.8181818181818,63.75,68.3333333333333,"Public","Female"
61.8181818181818,60.6451612903226,60,"Public","Female"
80,74.5454545454545,80,"Public","Female"
63.6363636363636,54.8387096774194,46.6666666666667,"Public","Female"
30.9090909090909,41.3793103448276,40,"Public","Male"
80,78.5714285714286,80,"Public","Female"
72.7272727272727,72.5,80,"Public","Female"
56.3636363636364,53.75,53.3333333333333,"Public","Female"
49.0909090909091,52.5,58.3333333333333,"Public","Female"
54.5454545454545,56.6666666666667,58.3333333333333,"Public","Female"
96.3636363636364,83.2258064516129,85,"Public","Female"
69.0909090909091,70.3030303030303,75,"Public","Female"
40,50,46.6666666666667,"Public","Male"
85.4545454545455,78.125,80,"Public","Female"
72.7272727272727,66.0606060606061,63.3333333333333,"Public","Female"
61.8181818181818,50.9677419354839,48.3333333333333,"Public","Female"
34.5454545454545,40.625,31.6666666666667,"Public","Male"
61.8181818181818,48.3870967741936,36.6666666666667,"Public","Male"
49.0909090909091,45,35,"Public","Male"
60,55.1515151515152,51.6666666666667,"Public","Female"
56.3636363636364,54.8387096774194,56.6666666666667,"Public","Female"
27.2727272727273,41.875,46.6666666666667,"Public","Female"
80,77.3333333333333,85,"Public","Female"
76.3636363636364,67.8787878787879,66.6666666666667,"Public","Female"
80,72.9032258064516,71.6666666666667,"Public","Female"
80,77.3333333333333,80,"Public","Female"
76.3636363636364,75,76.6666666666667,"Public","Male"
67.2727272727273,71.875,80,"Public","Male"
80,75.3333333333333,85,"Public","Female"
98.1818181818182,86.25,96.6666666666667,"Public","Male"
78.1818181818182,67.0967741935484,66.6666666666667,"Public","Female"
70.9090909090909,68.3870967741936,70,"Public","Female"
65.4545454545455,62.4242424242424,65,"Public","Female"
50.9090909090909,55.625,56.6666666666667,"Public","Female"
60,56.7741935483871,55,"Public","Female"
60,54.5454545454545,45,"Public","Female"
69.0909090909091,63.75,60,"Public","Female"
63.6363636363636,63.75,68.3333333333333,"Public","Female"
60,60.625,60,"Public","Female"
34.5454545454545,39.3548387096774,31.6666666666667,"Public","Female"
56.3636363636364,54.1935483870968,55,"Public","Male"
61.8181818181818,60.6451612903226,58.3333333333333,"Public","Female"
54.5454545454545,72.9032258064516,93.3333333333333,"Public","Male"
72.7272727272727,78.0645161290323,91.6666666666667,"Public","Female"
81.8181818181818,78.0645161290323,76.6666666666667,"Public","Female"
65.4545454545455,56.7741935483871,60,"Public","Female"
60,46.875,33.3333333333333,"Public","Female"
83.6363636363636,80,90,"Public","Female"
41.8181818181818,44.8275862068965,45,"Public","Female"
70.9090909090909,68.125,68.3333333333333,"Public","Female"
54.5454545454545,60.625,61.6666666666667,"Public","Female"
60,58.0645161290323,53.3333333333333,"Public","Female"
60,59.375,56.6666666666667,"Public","Female"
72.7272727272727,72.5,81.6666666666667,"Public","Female"
100,60.6451612903226,26.6666666666667,"Public","Female"
54.5454545454545,57.5,60,"Public","Female"
50.9090909090909,47.5,36.6666666666667,"Public","Female"
56.3636363636364,65,68.3333333333333,"Public","Female"
36.3636363636364,46.0606060606061,48.3333333333333,"Public","Male"
90.9090909090909,85.4545454545455,100,"Public","Female"
56.3636363636364,63.125,75,"Private","Female"
80,75.3333333333333,80,"Public","Female"
65.4545454545455,54.375,51.6666666666667,"Public","Male"
76.3636363636364,73.3333333333333,75,"Public","Female"
49.0909090909091,52.9032258064516,60,"Public","Male"
52.7272727272727,51.5151515151515,51.6666666666667,"Public","Female"
74.5454545454545,69.4117647058823,80,"Public","Female"
65.4545454545455,70.9090909090909,85,"Private","Male"
20,30.625,21.6666666666667,"Private","Male"
72.7272727272727,72.258064516129,76.6666666666667,"Private","Male"
67.2727272727273,63.8709677419355,65,"Public","Female"
61.8181818181818,65,75,"Public","Female"
32.7272727272727,38.6666666666667,30,"Public","Male"
49.0909090909091,54.1176470588235,53.3333333333333,"Public","Female"
81.8181818181818,63.75,56.6666666666667,"Public","Male"
80,73.9393939393939,80,"Public","Female"
58.1818181818182,57.6470588235294,63.3333333333333,"Public","Male"
69.0909090909091,71.0344827586207,83.3333333333333,"Public","Female"
67.2727272727273,69.6774193548387,76.6666666666667,"Public","Female"
85.4545454545455,80,83.3333333333333,"Public","Female"
65.4545454545455,62.6666666666667,68.3333333333333,"Private","Male"
87.2727272727273,82.6666666666667,90,"Private","Male"
45.4545454545455,52.4137931034483,61.6666666666667,"Private","Male"
58.1818181818182,64.375,75,"Public","Female"
43.6363636363636,49.6774193548387,53.3333333333333,"Public","Male"
49.0909090909091,51.5151515151515,51.6666666666667,"Public","Female"
49.0909090909091,52.5,50,"Public","Female"
58.1818181818182,62.0689655172414,63.3333333333333,"Public","Female"
69.0909090909091,70.9090909090909,81.6666666666667,"Public","Female"
80,69.6969696969697,73.3333333333333,"Public","Female"
52.7272727272727,56,51.6666666666667,"Public","Male"
81.8181818181818,66.0606060606061,55,"Public","Female"
43.6363636363636,59.3939393939394,70,"Private","Female"
61.8181818181818,62.5,66.6666666666667,"Public","Female"
80,74.1935483870968,75,"Public","Female"
76.3636363636364,76.25,85,"Public","Female"
40,45.8064516129032,43.3333333333333,"Public","Female"
74.5454545454545,76.551724137931,86.6666666666667,"Public","Female"
85.4545454545455,85.5172413793103,95,"Public","Male"
58.1818181818182,71.7241379310345,88.3333333333333,"Public","Male"
49.0909090909091,53.75,56.6666666666667,"Public","Male"
85.4545454545455,74.6666666666667,75,"Public","Male"
20,29.3333333333333,25,"Public","Female"
72.7272727272727,62.3529411764706,55,"Public","Male"
27.2727272727273,27.8571428571429,25,"Public","Male"
38.1818181818182,46.4516129032258,53.3333333333333,"Public","Female"
56.3636363636364,54.8387096774194,51.6666666666667,"Public","Male"
83.6363636363636,67.0588235294118,53.3333333333333,"Public","Female"
36.3636363636364,35.625,25,"Public","Female"
74.5454545454545,71.25,76.6666666666667,"Public","Female"
76.3636363636364,63.3333333333333,53.3333333333333,"Public","Male"
65.4545454545455,61.2903225806452,65,"Public","Female"
56.3636363636364,53.125,50,"Public","Female"
61.8181818181818,58.125,56.6666666666667,"Public","Female"
69.0909090909091,56.969696969697,53.3333333333333,"Public","Female"
56.3636363636364,59.375,61.6666666666667,"Public","Male"
45.4545454545455,51.25,58.3333333333333,"Public","Male"
61.8181818181818,59.3939393939394,65,"Public","Female"
74.5454545454545,62.5806451612903,53.3333333333333,"Public","Male"
58.1818181818182,66.6666666666667,81.6666666666667,"Public","Male"
47.2727272727273,50.5882352941176,41.6666666666667,"Public","Female"
50.9090909090909,56.6666666666667,65,"Public","Female"
98.1818181818182,88.75,91.6666666666667,"Public","Male"
80,75.4838709677419,80,"Public","Female"
60,54.375,48.3333333333333,"Public","Female"
76.3636363636364,62.4242424242424,53.3333333333333,"Public","Female"
38.1818181818182,42.8571428571429,40,"Public","Female"
23.6363636363636,33.5483870967742,20,"Public","Female"
80,73.75,80,"Public","Female"
20,41.25,48.3333333333333,"Public","Male"
43.6363636363636,40,38.3333333333333,"Private","Male"
34.5454545454545,36.6666666666667,36.6666666666667,"Public","Male"
63.6363636363636,62.5,70,"Private","Male"
40,46.4516129032258,43.3333333333333,"Public","Female"
60,55.625,55,"Public","Male"
60,57.5,55,"Public","Male"
60,67.741935483871,73.3333333333333,"Public","Female"
80,68.3870967741936,65,"Public","Female"
67.2727272727273,60.6060606060606,53.3333333333333,"Public","Female"
67.2727272727273,60,53.3333333333333,"Public","Female"
20,35.1724137931034,36.6666666666667,"Public","Female"
65.4545454545455,56.875,50,"Public","Female"
27.2727272727273,38.1818181818182,36.6666666666667,"Public","Female"
78.1818181818182,75.4838709677419,81.6666666666667,"Public","Male"
78.1818181818182,77.9310344827586,80,"Public","Female"
81.8181818181818,67.0967741935484,58.3333333333333,"Public","Female"
80,74.375,80,"Private","Male"
74.5454545454545,70.9677419354839,78.3333333333333,"Public","Female"
38.1818181818182,36.969696969697,31.6666666666667,"Private","Male"
58.1818181818182,55,53.3333333333333,"Public","Female"
100,78.7096774193548,78.3333333333333,"Public","Female"
34.5454545454545,40,31.6666666666667,"Public","Female"
58.1818181818182,56.551724137931,60,"Public","Male"
60,58.7878787878788,56.6666666666667,"Public","Female"
80,74.375,78.3333333333333,"Public","Male"
38.1818181818182,50,61.6666666666667,"Public","Male"
60,57.5757575757576,58.3333333333333,"Public","Female"
40,40,31.6666666666667,"Public","Female"
60,62.9411764705882,65,"Public","Female"
40,41.875,36.6666666666667,"Public","Male"
69.0909090909091,65.3333333333333,60,"Public","Female"
72.7272727272727,66.875,65,"Public","Female"
43.6363636363636,49.3333333333333,55,"Public","Female"
60,66.4516129032258,70,"Public","Male"
43.6363636363636,55.8620689655172,66.6666666666667,"Public","Female"
41.8181818181818,51.5151515151515,51.6666666666667,"Public","Male"
67.2727272727273,66.2068965517241,71.6666666666667,"Public","Male"
58.1818181818182,65.3333333333333,76.6666666666667,"Public","Male"
80,75.4838709677419,80,"Public","Female"
58.1818181818182,62.5,70,"Public","Male"
89.0909090909091,78.75,80,"Public","Female"
54.5454545454545,56.1290322580645,56.6666666666667,"Public","Female"
56.3636363636364,58.1818181818182,60,"Public","Female"
80,75.1724137931035,80,"Public","Female"
61.8181818181818,68.125,81.6666666666667,"Public","Male"
60,66.25,75,"Public","Male"
47.2727272727273,45,30,"Public","Female"
98.1818181818182,88.6666666666667,90,"Public","Male"
72.7272727272727,72.6666666666667,76.6666666666667,"Public","Female"
60,63.2258064516129,68.3333333333333,"Public","Female"
76.3636363636364,71.6129032258064,76.6666666666667,"Public","Female"
70.9090909090909,64.375,61.6666666666667,"Public","Female"
60,56.6666666666667,55,"Private","Male"
67.2727272727273,65.3333333333333,76.6666666666667,"Public","Male"
70.9090909090909,71.25,76.6666666666667,"Private","Female"
87.2727272727273,77.3333333333333,86.6666666666667,"Public","Female"
76.3636363636364,66.875,58.3333333333333,"Public","Female"
70.9090909090909,72,76.6666666666667,"Public","Female"
76.3636363636364,61.2903225806452,48.3333333333333,"Public","Male"
61.8181818181818,62.5806451612903,66.6666666666667,"Public","Female"
69.0909090909091,70,80,"Public","Male"
63.6363636363636,62.6666666666667,65,"Public","Female"
83.6363636363636,74.8387096774193,76.6666666666667,"Public","Female"
29.0909090909091,34,31.6666666666667,"Public","Female"
65.4545454545455,58.75,51.6666666666667,"Public","Female"
60,58.1818181818182,60,"Public","Male"
74.5454545454545,68.3870967741936,58.3333333333333,"Public","Female"
20,32.5925925925926,45,"Public","Female"
47.2727272727273,49.0909090909091,45,"Public","Female"
65.4545454545455,67.0967741935484,68.3333333333333,"Public","Female"
20,35.1515151515151,40,"Public","Female"
60,59.3333333333333,58.3333333333333,"Private","Female"
60,56.1290322580645,53.3333333333333,"Public","Female"
69.0909090909091,64.8275862068965,65,"Public","Female"
49.0909090909091,54.1176470588235,53.3333333333333,"Public","Female"
92.7272727272727,76.25,71.6666666666667,"Public","Male"
70.9090909090909,54,41.6666666666667,"Public","Male"
47.2727272727273,55.3333333333333,58.3333333333333,"Public","Male"
52.7272727272727,50.9677419354839,51.6666666666667,"Public","Female"
67.2727272727273,63.75,68.3333333333333,"Public","Male"
83.6363636363636,74.375,76.6666666666667,"Public","Female"
80,71.6129032258064,71.6666666666667,"Public","Male"
56.3636363636364,55,56.6666666666667,"Private","Male"
25.4545454545455,35.1724137931034,36.6666666666667,"Public","Female"
72.7272727272727,68.75,70,"Public","Female"
58.1818181818182,58.75,55,"Public","Female"
23.6363636363636,40,43.3333333333333,"Private","Male"
69.0909090909091,61.2121212121212,50,"Public","Female"
20,36.1290322580645,38.3333333333333,"Public","Male"
67.2727272727273,65.3333333333333,61.6666666666667,"Public","Female"
49.0909090909091,48,51.6666666666667,"Public","Male"
67.2727272727273,64.8484848484848,68.3333333333333,"Public","Male"
61.8181818181818,60.6896551724138,60,"Public","Female"
74.5454545454545,69.6774193548387,73.3333333333333,"Public","Female"
78.1818181818182,84,98.3333333333333,NA,"Female"
47.2727272727273,50,46.6666666666667,"Public","Female"
80,73.5483870967742,80,"Public","Female"
58.1818181818182,53.9393939393939,46.6666666666667,"Private","Female"
56.3636363636364,54.8387096774194,58.3333333333333,"Public","Male"
69.0909090909091,64,60,"Public","Female"
60,59.375,55,"Public","Female"
65.4545454545455,61.875,58.3333333333333,"Public","Female"
80,77.3333333333333,80,"Public","Female"
38.1818181818182,39.3103448275862,36.6666666666667,"Public","Female"
49.0909090909091,50,45,"Public","Female"
70.9090909090909,71.6129032258064,78.3333333333333,"Public","Female"
80,78.7878787878788,100,"Public","Male"
69.0909090909091,66.4516129032258,65,"Public","Female"
69.0909090909091,64.5161290322581,75,"Public","Female"
61.8181818181818,58.75,53.3333333333333,"Public","Male"
41.8181818181818,44.6666666666667,40,"Public","Male"
94.5454545454545,82.5806451612903,80,"Public","Female"
72.7272727272727,74.1935483870968,88.3333333333333,"Private","Male"
89.0909090909091,84.375,93.3333333333333,"Public","Male"
100,83.3333333333333,75,"Private","Female"
69.0909090909091,73.75,83.3333333333333,"Private","Female"
80,67.741935483871,56.6666666666667,"Public","Male"
60,62.5806451612903,60,"Public","Female"
67.2727272727273,64.2424242424242,66.6666666666667,"Public","Female"
78.1818181818182,69.6774193548387,70,"Public","Male"
60,60,63.3333333333333,"Private","Male"
80,70.3030303030303,80,"Public","Female"
72.7272727272727,75,88.3333333333333,"Public","Female"
52.7272727272727,51.25,48.3333333333333,"Public","Female"
43.6363636363636,46.25,38.3333333333333,"Private","Female"
60,54.1935483870968,48.3333333333333,"Public","Female"
23.6363636363636,26.8965517241379,20,"Public","Female"
49.0909090909091,52,51.6666666666667,"Public","Male"
83.6363636363636,73.125,75,"Private","Male"
80,76.7741935483871,83.3333333333333,"Public","Female"
94.5454545454545,83.75,90,"Public","Male"
63.6363636363636,62.5,63.3333333333333,"Public","Female"
30.9090909090909,40,40,"Public","Female"
67.2727272727273,70.3225806451613,80,"Private","Male"
60,61.9354838709677,60,"Public","Female"
81.8181818181818,70.9677419354839,65,"Private","Female"
69.0909090909091,67.0967741935484,66.6666666666667,"Public","Female"
81.8181818181818,78.1818181818182,91.6666666666667,"Public","Female"
54.5454545454545,52.9032258064516,41.6666666666667,"Public","Female"
80,76.875,80,"Public","Male"
70.9090909090909,68.6666666666667,73.3333333333333,"Public","Female"
60,59.375,60,"Public","Female"
49.0909090909091,62.5,81.6666666666667,"Public","Female"
20,24.4444444444444,23.3333333333333,"Public","Female"
70.9090909090909,64.6666666666667,58.3333333333333,"Public","Female"
30.9090909090909,35.625,30,"Public","Female"
56.3636363636364,57.5757575757576,55,"Public","Female"
69.0909090909091,58.125,55,"Private","Male"
58.1818181818182,55.625,50,"Public","Female"
78.1818181818182,72.9032258064516,73.3333333333333,"Public","Female"
52.7272727272727,53.125,50,"Public","Female"
81.8181818181818,76.1290322580645,80,"Public","Female"
60,51.0344827586207,35,"Public","Female"
36.3636363636364,37.3333333333333,31.6666666666667,"Public","Male"
30.9090909090909,40.7142857142857,48.3333333333333,"Public","Female"
60,56.969696969697,60,"Public","Female"
85.4545454545455,75,70,"Public","Female"
25.4545454545455,46,60,"Public","Male"
60,58.6666666666667,60,"Public","Female"
65.4545454545455,64.1176470588235,63.3333333333333,"Public","Female"
69.0909090909091,61.25,53.3333333333333,"Public","Male"
90.9090909090909,90.3225806451613,100,"Public","Female"
52.7272727272727,59.3548387096774,63.3333333333333,"Public","Female"
74.5454545454545,70.3030303030303,71.6666666666667,"Public","Female"
43.6363636363636,56,65,"Public","Female"
85.4545454545455,77.4193548387097,78.3333333333333,"Public","Female"
70.9090909090909,62.6666666666667,58.3333333333333,"Public","Female"
69.0909090909091,69.6774193548387,70,"Public","Male"
40,47.741935483871,48.3333333333333,"Public","Female"
38.1818181818182,43.3333333333333,36.6666666666667,"Public","Female"
80,61.9354838709677,45,"Public","Female"
20,26.6666666666667,23.3333333333333,"Public","Female"
96.3636363636364,84.2424242424242,91.6666666666667,"Public","Male"
50.9090909090909,53.125,48.3333333333333,"Public","Female"
74.5454545454545,67.5,60,"Public","Female"
76.3636363636364,73.5483870967742,76.6666666666667,"Private","Male"
78.1818181818182,81.2903225806452,93.3333333333333,"Public","Male"
40,42,38.3333333333333,"Public","Male"
47.2727272727273,42,28.3333333333333,"Public","Female"
90.9090909090909,85.8064516129032,95,"Public","Female"
87.2727272727273,86.6666666666667,100,"Public","Female"
27.2727272727273,35.4838709677419,23.3333333333333,"Public","Male"
58.1818181818182,57.4193548387097,60,"Public","Female"
72.7272727272727,74.4827586206897,78.3333333333333,"Public","Female"
80,71.1764705882353,80,"Public","Female"
80,73.125,76.6666666666667,"Public","Female"
63.6363636363636,61.875,63.3333333333333,"Public","Male"
80,74,80,"Private","Female"
74.5454545454545,82.6666666666667,100,"Private","Male"
60,56.4705882352941,45,"Public","Female"
72.7272727272727,72.5,81.6666666666667,"Public","Female"
96.3636363636364,62.6666666666667,30,"Public","Female"
32.7272727272727,49.0322580645161,56.6666666666667,"Public","Female"
60,36.25,20,"Public","Female"
40,54.4827586206897,63.3333333333333,"Public","Female"
60,60.6666666666667,60,"Public","Female"
81.8181818181818,74.8387096774193,75,"Public","Male"
43.6363636363636,48,45,"Public","Female"
20,32.258064516129,33.3333333333333,"Public","Male"
78.1818181818182,71.6129032258064,70,"Public","Female"
83.6363636363636,77.3333333333333,78.3333333333333,"Public","Male"
69.0909090909091,66.6666666666667,71.6666666666667,"Public","Female"
41.8181818181818,49.6774193548387,56.6666666666667,"Public","Female"
61.8181818181818,68.6666666666667,71.6666666666667,"Public","Female"
72.7272727272727,71.25,83.3333333333333,"Public","Female"
52.7272727272727,51.0344827586207,50,"Public","Female"
96.3636363636364,87.0967741935484,93.3333333333333,"Public","Male"
78.1818181818182,72.7272727272727,76.6666666666667,"Public","Female"
100,83.125,80,"Public","Female"
54.5454545454545,59.3333333333333,63.3333333333333,"Public","Female"
36.3636363636364,45.1612903225806,40,"Public","Female"
60,60,60,"Public","Female"
60,56.3636363636364,55,"Public","Female"
80,72.258064516129,73.3333333333333,"Public","Male"
74.5454545454545,78.125,95,"Public","Female"
78.1818181818182,71.0344827586207,66.6666666666667,"Public","Male"
36.3636363636364,39.2592592592593,41.6666666666667,"Public","Female"
76.3636363636364,73.125,78.3333333333333,"Public","Female"
47.2727272727273,47.0967741935484,45,"Public","Female"
38.1818181818182,51.25,60,"Public","Female"
60,58.7096774193548,60,"Private","Male"
58.1818181818182,56.969696969697,60,"Public","Male"
20,26.2068965517241,20,"Public","Female"
61.8181818181818,61.9354838709677,66.6666666666667,"Public","Female"
90.9090909090909,68.3870967741936,60,"Public","Male"
80,64.8484848484848,58.3333333333333,"Public","Female"
52.7272727272727,59.3333333333333,63.3333333333333,"Public","Female"
60,56.7741935483871,48.3333333333333,"Public","Female"
83.6363636363636,72.9032258064516,70,"Public","Female"
100,88,91.6666666666667,"Public","Female"
65.4545454545455,63.125,70,"Public","Male"
52.7272727272727,55.3333333333333,63.3333333333333,"Public","Female"
56.3636363636364,52.9411764705882,40,"Public","Female"
76.3636363636364,66.875,76.6666666666667,"Public","Male"
20,26.6666666666667,35,"Public","Male"
25.4545454545455,37.5757575757576,40,"Private","Male"
47.2727272727273,51.25,40,"Public","Male"
81.8181818181818,72.3529411764706,75,"Public","Female"
61.8181818181818,66.25,73.3333333333333,"Public","Female"
61.8181818181818,61.25,58.3333333333333,"Public","Female"
60,60,58.3333333333333,"Public","Male"
56.3636363636364,48.125,41.6666666666667,"Public","Female"
74.5454545454545,72.258064516129,80,"Public","Male"
43.6363636363636,50.3448275862069,51.6666666666667,"Public","Female"
90.9090909090909,66.4516129032258,53.3333333333333,"Public","Female"
29.0909090909091,40.625,40,"Public","Female"
56.3636363636364,56.6666666666667,56.6666666666667,"Public","Female"
87.2727272727273,81.9354838709677,93.3333333333333,"Private","Male"
30.9090909090909,58.6206896551724,76.6666666666667,"Public","Male"
20,32.4137931034483,20,"Public","Female"
36.3636363636364,50.9677419354839,60,"Public","Female"
50.9090909090909,50,50,"Public","Male"
38.1818181818182,46,48.3333333333333,"Public","Female"
78.1818181818182,76,81.6666666666667,"Public","Male"
43.6363636363636,44.6666666666667,45,"Public","Female"
60,58.0645161290323,60,"Public","Male"
41.8181818181818,46.2068965517241,45,"Public","Female"
78.1818181818182,71.3333333333333,68.3333333333333,"Public","Male"
72.7272727272727,75.1724137931035,80,"Public","Male"
81.8181818181818,76.7741935483871,83.3333333333333,"Public","Female"
83.6363636363636,74.1935483870968,76.6666666666667,"Public","Female"
70.9090909090909,64.375,65,"Public","Female"
63.6363636363636,57.5757575757576,48.3333333333333,"Public","Male"
50.9090909090909,49.0909090909091,38.3333333333333,"Public","Male"
80,66.25,60,"Public","Female"
69.0909090909091,60.625,58.3333333333333,"Public","Female"
58.1818181818182,54.1935483870968,53.3333333333333,"Public","Female"
67.2727272727273,63.8709677419355,66.6666666666667,"Public","Male"
34.5454545454545,42.5,40,"Public","Female"
60,61.9354838709677,60,"Public","Female"
56.3636363636364,55,55,"Public","Female"
80,70.9677419354839,66.6666666666667,"Public","Female"
69.0909090909091,64.1379310344828,60,"Public","Female"
87.2727272727273,78,80,"Public","Male"
70.9090909090909,63.8709677419355,60,"Public","Female"
70.9090909090909,65.1428571428571,65,"Public","Female"
32.7272727272727,42.5806451612903,36.6666666666667,"Public","Female"
70.9090909090909,59.3548387096774,55,"Public","Female"
80,72.258064516129,76.6666666666667,"Public","Female"
20,20,20,"Public","Male"
58.1818181818182,47.741935483871,35,"Public","Female"
49.0909090909091,58,66.6666666666667,"Private","Male"
61.8181818181818,63.75,66.6666666666667,"Public","Female"
65.4545454545455,54.7058823529412,45,"Public","Female"
67.2727272727273,57.4193548387097,50,"Public","Female"
65.4545454545455,67.3333333333333,73.3333333333333,"Public","Male"
49.0909090909091,48,40,"Public","Female"
50.9090909090909,53.3333333333333,50,"Public","Female"
30.9090909090909,40,31.6666666666667,"Public","Female"
69.0909090909091,66.4516129032258,63.3333333333333,"Public","Female"
80,74,80,"Public","Female"
61.8181818181818,62.6666666666667,61.6666666666667,"Public","Female"
20,38.2352941176471,35,"Public","Female"
69.0909090909091,67.0967741935484,71.6666666666667,"Private","Female"
72.7272727272727,63.6363636363636,63.3333333333333,"Public","Female"
80,64.6666666666667,60,"Public","Female"
74.5454545454545,64.8484848484848,63.3333333333333,"Public","Male"
47.2727272727273,55.1515151515152,58.3333333333333,"Public","Male"
43.6363636363636,45.8064516129032,36.6666666666667,"Public","Male"
85.4545454545455,66,55,"Public","Female"
63.6363636363636,55,50,"Public","Female"
60,58.0645161290323,55,"Public","Female"
78.1818181818182,74.8387096774193,76.6666666666667,"Public","Female"
89.0909090909091,80.6666666666667,88.3333333333333,"Public","Female"
67.2727272727273,68.4848484848485,85,"Public","Male"
70.9090909090909,64,61.6666666666667,"Public","Female"
40,40.625,30,"Public","Female"
63.6363636363636,60.625,61.6666666666667,"Public","Female"
100,89.6774193548387,96.6666666666667,"Public","Female"
76.3636363636364,72.5,78.3333333333333,"Public","Female"
72.7272727272727,66.875,76.6666666666667,"Public","Female"
60,57.4193548387097,58.3333333333333,"Public","Female"
63.6363636363636,62.5806451612903,66.6666666666667,"Public","Female"
49.0909090909091,47.5862068965517,31.6666666666667,"Public","Female"
25.4545454545455,34.375,30,"Public","Female"
85.4545454545455,61.9354838709677,36.6666666666667,"Public","Female"
60,57.4193548387097,50,"Public","Female"
52.7272727272727,57.5757575757576,53.3333333333333,"Public","Female"
60,57.3333333333333,55,"Public","Female"
100,90,100,"Public","Female"
56.3636363636364,55.4838709677419,55,"Public","Female"
45.4545454545455,52.6666666666667,58.3333333333333,"Public","Female"
65.4545454545455,70.3225806451613,80,"Public","Female"
52.7272727272727,62.4242424242424,73.3333333333333,"Public","Female"
56.3636363636364,53.5483870967742,46.6666666666667,"Public","Female"
58.1818181818182,61.2903225806452,70,"Public","Female"
60,60.625,71.6666666666667,"Public","Female"
70.9090909090909,70,78.3333333333333,"Public","Female"
70.9090909090909,70.9677419354839,71.6666666666667,"Public","Female"
100,84.5161290322581,81.6666666666667,"Public","Female"
60,53.5483870967742,50,"Public","Female"
60,65.8064516129032,68.3333333333333,"Public","Female"
61.8181818181818,58.7096774193548,60,"Public","Female"
74.5454545454545,62.0689655172414,50,"Public","Male"
85.4545454545455,75,75,"Public","Female"
47.2727272727273,53.5483870967742,58.3333333333333,"Public","Female"
49.0909090909091,60.6060606060606,70,"Public","Male"
43.6363636363636,47.1428571428571,46.6666666666667,"Public","Female"
80,70.6666666666667,73.3333333333333,"Public","Female"
61.8181818181818,67.5862068965517,76.6666666666667,"Public","Female"
38.1818181818182,48.2352941176471,51.6666666666667,"Public","Female"
23.6363636363636,32.258064516129,21.6666666666667,"Public","Female"
61.8181818181818,55.3333333333333,51.6666666666667,"Public","Female"
83.6363636363636,73.3333333333333,70,"Public","Female"
70.9090909090909,60.625,56.6666666666667,"Public","Female"
20,34.8387096774194,33.3333333333333,"Public","Female"
27.2727272727273,34.1935483870968,30,"Public","Female"
74.5454545454545,63.75,53.3333333333333,"Public","Male"
76.3636363636364,59.3548387096774,48.3333333333333,"Public","Female"
83.6363636363636,72.258064516129,66.6666666666667,"Public","Female"
70.9090909090909,67.8787878787879,66.6666666666667,"Public","Female"
90.9090909090909,81.2121212121212,90,"Public","Female"
58.1818181818182,57.5757575757576,56.6666666666667,"Public","Female"
76.3636363636364,70.3030303030303,75,"Public","Female"
69.0909090909091,65.1612903225807,68.3333333333333,"Public","Male"
87.2727272727273,77.4193548387097,76.6666666666667,"Public","Female"
100,81.8181818181818,85,"Public","Female"
52.7272727272727,54.1935483870968,56.6666666666667,"Public","Female"
60,57.4193548387097,66.6666666666667,"Public","Female"
78.1818181818182,67.5,63.3333333333333,"Public","Female"
81.8181818181818,78.7096774193548,85,"Public","Female"
85.4545454545455,80,83.3333333333333,"Public","Female"
20,49.375,65,"Public","Female"
56.3636363636364,53.125,45,"Public","Female"
76.3636363636364,64.6666666666667,61.6666666666667,"Public","Female"
58.1818181818182,62.5806451612903,63.3333333333333,"Private","Male"
80,71.6129032258064,76.6666666666667,"Private","Male"
60,56.25,51.6666666666667,"Private","Female"
40,45,50,"Private","Male"
74.5454545454545,76.6666666666667,86.6666666666667,"Private","Male"
81.8181818181818,84.375,100,"Private","Male"
65.4545454545455,65.625,70,"Public","Female"
78.1818181818182,72.5,76.6666666666667,"Private","Female"
40,45.3333333333333,36.6666666666667,"Public","Female"
94.5454545454545,82.5,88.3333333333333,"Private","Male"
60,58.7096774193548,66.6666666666667,"Private","Male"
60,58.1818181818182,55,"Private","Female"
78.1818181818182,70.625,76.6666666666667,"Private","Female"
47.2727272727273,49.6551724137931,48.3333333333333,"Public","Female"
69.0909090909091,65.1612903225807,66.6666666666667,"Public","Female"
100,90.9677419354839,98.3333333333333,"Private","Male"
78.1818181818182,82,88.3333333333333,"Public","Female"
52.7272727272727,50.6666666666667,53.3333333333333,"Public","Female"
61.8181818181818,50.625,35,"Public","Female"
76.3636363636364,70.6666666666667,65,"Public","Female"
83.6363636363636,73.9393939393939,83.3333333333333,"Private","Female"
21.8181818181818,40,41.6666666666667,"Public","Female"
80,76.7741935483871,80,"Private","Female"
80,74.8387096774193,80,"Private","Female"
60,51.25,60,"Public","Male"
38.1818181818182,42.6666666666667,36.6666666666667,"Public","Female"
69.0909090909091,58.7096774193548,55,"Private","Female"
94.5454545454545,86.875,96.6666666666667,"Private","Male"
80,70.9677419354839,71.6666666666667,"Public","Female"
76.3636363636364,75.625,86.6666666666667,"Private","Male"
61.8181818181818,61.9354838709677,58.3333333333333,"Public","Female"
80,65.3333333333333,51.6666666666667,"Public","Female"
60,59.3939393939394,60,"Public","Male"
72.7272727272727,66.0606060606061,68.3333333333333,"Public","Male"
87.2727272727273,76.6666666666667,80,"Public","Female"
50.9090909090909,46.6666666666667,35,"Public","Male"
70.9090909090909,63.125,56.6666666666667,"Public","Female"
76.3636363636364,73.3333333333333,78.3333333333333,"Public","Female"
49.0909090909091,58.7096774193548,68.3333333333333,"Public","Male"
60,56.3636363636364,50,"Public","Female"
69.0909090909091,66.0606060606061,66.6666666666667,"Public","Female"
92.7272727272727,78.7096774193548,75,"Private","Female"
87.2727272727273,76.1290322580645,73.3333333333333,"Private","Female"
65.4545454545455,65.3333333333333,63.3333333333333,"Private","Female"
50.9090909090909,56.875,53.3333333333333,"Public","Female"
83.6363636363636,70.625,66.6666666666667,"Private","Female"
27.2727272727273,29.6551724137931,20,"Public","Male"
20,24.5161290322581,21.6666666666667,"Private","Male"
72.7272727272727,63.6363636363636,65,"Public","Female"
81.8181818181818,73.9393939393939,75,"Private","Female"
49.0909090909091,51.6129032258064,51.6666666666667,"Public","Female"
69.0909090909091,63.3333333333333,65,"Private","Female"
58.1818181818182,55.625,53.3333333333333,"Public","Female"
30.9090909090909,36.7741935483871,30,"Public","Female"
47.2727272727273,57.5,68.3333333333333,"Public","Female"
45.4545454545455,51.6129032258064,46.6666666666667,"Public","Female"
63.6363636363636,69.0909090909091,75,"Public","Female"
96.3636363636364,82.5806451612903,80,"Private","Male"
80,80.6666666666667,91.6666666666667,"Public","Male"
92.7272727272727,86,93.3333333333333,"Public","Male"
90.9090909090909,77.4193548387097,78.3333333333333,"Public","Female"
78.1818181818182,76.1290322580645,83.3333333333333,"Public","Female"
69.0909090909091,70.9677419354839,86.6666666666667,"Public","Female"
90.9090909090909,85.1612903225806,90,"Public","Female"
52.7272727272727,55.625,55,"Public","Male"
60,57.3333333333333,60,"Private","Male"
80,85,100,"Public","Female"
78.1818181818182,65.3333333333333,51.6666666666667,"Public","Male"
69.0909090909091,72.1212121212121,88.3333333333333,"Public","Female"
70.9090909090909,66.25,63.3333333333333,"Public","Male"
67.2727272727273,60,53.3333333333333,"Public","Female"
80,78,83.3333333333333,"Public","Male"
43.6363636363636,53.125,51.6666666666667,"Public","Female"
76.3636363636364,68,63.3333333333333,"Public","Male"
58.1818181818182,54.8387096774194,46.6666666666667,"Private","Male"
70.9090909090909,58.6666666666667,46.6666666666667,"Public","Female"
65.4545454545455,59.3548387096774,55,"Private","Male"
80,64.5161290322581,53.3333333333333,"Public","Female"
70.9090909090909,68.125,65,"Public","Male"
40,42.5806451612903,38.3333333333333,"Public","Female"
30.9090909090909,44.375,43.3333333333333,"Public","Female"
60,53.3333333333333,40,"Public","Male"
70.9090909090909,60,48.3333333333333,"Public","Female"
60,60.625,56.6666666666667,"Public","Female"
80,76,70,"Public","Female"
60,60.625,68.3333333333333,"Public","Female"
58.1818181818182,65,76.6666666666667,"Public","Female"
65.4545454545455,52.6666666666667,43.3333333333333,"Public","Female"
50.9090909090909,41.9354838709677,33.3333333333333,"Public","Male"
67.2727272727273,55.3333333333333,45,"Public","Female"
23.6363636363636,35,33.3333333333333,"Public","Female"
87.2727272727273,76.25,83.3333333333333,"Public","Female"
76.3636363636364,58.75,48.3333333333333,"Public","Female"
58.1818181818182,52.7272727272727,38.3333333333333,"Private","Male"
69.0909090909091,66.25,68.3333333333333,"Public","Female"
50.9090909090909,56.7741935483871,60,"Public","Female"
78.1818181818182,68.4848484848485,71.6666666666667,"Public","Female"
81.8181818181818,74.1935483870968,78.3333333333333,"Private","Male"
54.5454545454545,60.625,75,"Public","Male"
63.6363636363636,65.8064516129032,76.6666666666667,"Public","Female"
67.2727272727273,67.2727272727273,75,"Public","Female"
67.2727272727273,62.6666666666667,60,"Public","Female"
76.3636363636364,72,73.3333333333333,"Public","Female"
80,58.75,33.3333333333333,"Public","Male"
60,58.7878787878788,55,"Public","Male"
83.6363636363636,76.875,80,"Public","Female"
78.1818181818182,61.2903225806452,48.3333333333333,"Public","Female"
65.4545454545455,70.3225806451613,78.3333333333333,"Public","Female"
47.2727272727273,51.6129032258064,53.3333333333333,"Public","Male"
89.0909090909091,82.5806451612903,86.6666666666667,"Public","Female"
34.5454545454545,40.6451612903226,38.3333333333333,"Private","Female"
80,75,80,"Public","Female"
56.3636363636364,54.6666666666667,48.3333333333333,"Public","Female"
92.7272727272727,85.3333333333333,90,"Public","Male"
100,90.3225806451613,100,"Private","Male"
78.1818181818182,64.375,60,"Public","Female"
74.5454545454545,61.2121212121212,51.6666666666667,"Public","Female"
43.6363636363636,48.3870967741936,41.6666666666667,"Public","Male"
45.4545454545455,51.1764705882353,48.3333333333333,"Private","Male"
76.3636363636364,71.6129032258064,71.6666666666667,"Public","Female"
34.5454545454545,41.9354838709677,45,"Public","Female"
80,67.3333333333333,63.3333333333333,"Public","Male"
34.5454545454545,44.8484848484848,36.6666666666667,"Public","Female"
80,78.7096774193548,90,"Public","Male"
80,69.0322580645161,75,"Public","Male"
56.3636363636364,63.75,76.6666666666667,"Public","Female"
90.9090909090909,71.875,56.6666666666667,"Public","Female"
76.3636363636364,70.625,66.6666666666667,"Public","Female"
54.5454545454545,62.5,73.3333333333333,"Public","Female"
60,56.875,55,"Public","Male"
67.2727272727273,66.4516129032258,75,"Public","Female"
76.3636363636364,69.375,66.6666666666667,"Public","Female"
80,72.9032258064516,70,"Public","Female"
61.8181818181818,64.6666666666667,65,"Public","Female"
65.4545454545455,60,53.3333333333333,"Public","Female"
54.5454545454545,67.8787878787879,83.3333333333333,"Public","Male"
67.2727272727273,65.1612903225807,68.3333333333333,"Public","Male"
72.7272727272727,73.125,80,"Public","Female"
100,90.9677419354839,100,"Public","Male"
69.0909090909091,66.0606060606061,68.3333333333333,"Public","Female"
38.1818181818182,48.3870967741936,58.3333333333333,"Public","Male"
69.0909090909091,66.0606060606061,66.6666666666667,"Private","Female"
98.1818181818182,88.6666666666667,95,"Public","Male"
89.0909090909091,66.4516129032258,50,"Private","Male"
61.8181818181818,55.625,45,"Public","Male"
100,88.2758620689655,95,"Private","Female"
58.1818181818182,44.375,36.6666666666667,"Public","Male"
60,61.2121212121212,60,"Public","Male"
100,93.3333333333333,98.3333333333333,"Private","Male"
94.5454545454545,83.030303030303,90,"Private","Male"
58.1818181818182,58.7096774193548,61.6666666666667,"Public","Female"
65.4545454545455,61.875,58.3333333333333,"Public","Male"
41.8181818181818,43.8709677419355,40,"Public","Male"
76.3636363636364,71.875,76.6666666666667,"Public","Female"
30.9090909090909,40.625,41.6666666666667,"Public","Female"
94.5454545454545,86.4516129032258,98.3333333333333,"Public","Male"
81.8181818181818,72.258064516129,71.6666666666667,"Public","Male"
78.1818181818182,78,80,"Public","Male"
74.5454545454545,72.3529411764706,80,"Public","Female"
60,60,58.3333333333333,"Private","Male"
60,60,55,"Public","Female"
60,51.3333333333333,41.6666666666667,"Public","Male"
29.0909090909091,37.5,35,"Public","Male"
80,73.5483870967742,80,"Public","Female"
60,61.2903225806452,60,"Private","Female"
67.2727272727273,64.2424242424242,73.3333333333333,"Public","Male"
76.3636363636364,75.3333333333333,81.6666666666667,"Public","Female"
78.1818181818182,64.7058823529412,60,"Private","Female"
83.6363636363636,60,45,"Public","Female"
61.8181818181818,54.4827586206897,53.3333333333333,"Public","Male"
60,59.4117647058824,56.6666666666667,"Public","Female"
80,62.3529411764706,53.3333333333333,"Public","Male"
43.6363636363636,43.3333333333333,35,"Public","Male"
81.8181818181818,75.3333333333333,78.3333333333333,"Public","Male"
65.4545454545455,64.5161290322581,68.3333333333333,"Public","Female"
67.2727272727273,64.6666666666667,70,"Public","Female"
29.0909090909091,40,36.6666666666667,"Public","Male"
63.6363636363636,65,65,"Private","Male"
61.8181818181818,57.3333333333333,51.6666666666667,"Public","Female"
72.7272727272727,69.375,71.6666666666667,"Public","Male"
65.4545454545455,58.7096774193548,53.3333333333333,"Public","Male"
63.6363636363636,66.875,75,"Public","Male"
80,71.6129032258064,76.6666666666667,"Public","Female"
60,47.8787878787879,38.3333333333333,"Public","Male"
65.4545454545455,61.875,61.6666666666667,"Public","Male"
69.0909090909091,72,76.6666666666667,"Public","Male"
63.6363636363636,70.9677419354839,85,"Public","Male"
56.3636363636364,67.5862068965517,78.3333333333333,"Public","Female"
76.3636363636364,74.8387096774193,80,"Public","Male"
49.0909090909091,50.625,46.6666666666667,"Private","Male"
58.1818181818182,64.5161290322581,68.3333333333333,"Public","Male"
83.6363636363636,72.9032258064516,71.6666666666667,"Public","Female"
81.8181818181818,70.3225806451613,60,"Public","Female"
65.4545454545455,63.3333333333333,63.3333333333333,"Public","Male"
78.1818181818182,68.4848484848485,60,"Public","Male"
81.8181818181818,77.3333333333333,80,"Public","Male"
80,67.2727272727273,63.3333333333333,"Public","Female"
60,62.1428571428571,60,"Public","Female"
100,79.3548387096774,70,"Private","Male"
56.3636363636364,64.375,75,"Public","Female"
36.3636363636364,38.0645161290323,26.6666666666667,"Public","Male"
56.3636363636364,54.5454545454545,48.3333333333333,"Public","Male"
69.0909090909091,63.2258064516129,61.6666666666667,"Public","Male"
72.7272727272727,64.5161290322581,58.3333333333333,"Public","Female"
81.8181818181818,78.0645161290323,75,"Public","Female"
63.6363636363636,58.75,56.6666666666667,"Public","Female"
74.5454545454545,67.5,66.6666666666667,"Public","Male"
78.1818181818182,63.6363636363636,56.6666666666667,"Public","Female"
89.0909090909091,80,76.6666666666667,"Public","Female"
69.0909090909091,74.375,91.6666666666667,"Public","Male"
27.2727272727273,45.4545454545455,53.3333333333333,"Public","Male"
38.1818181818182,42.5806451612903,43.3333333333333,"Public","Male"
78.1818181818182,71.6129032258064,76.6666666666667,"Public","Female"
50.9090909090909,56.7741935483871,55,"Public","Male"
70.9090909090909,63.125,63.3333333333333,"Public","Female"
47.2727272727273,40.6666666666667,41.6666666666667,"Public","Female"
80,71.1764705882353,80,"Public","Female"
83.6363636363636,74.6666666666667,75,"Public","Male"
76.3636363636364,70,68.3333333333333,"Public","Female"
80,71.6129032258064,73.3333333333333,"Private","Female"
27.2727272727273,35.4838709677419,30,"Public","Female"
63.6363636363636,52,38.3333333333333,"Public","Female"
76.3636363636364,68.9655172413793,70,"Private","Female"
100,79.3548387096774,71.6666666666667,"Public","Male"
78.1818181818182,69.375,70,"Public","Female"
78.1818181818182,70.6666666666667,75,"Public","Female"
63.6363636363636,62.5,66.6666666666667,"Public","Male"
36.3636363636364,47.0967741935484,43.3333333333333,"Public","Female"
67.2727272727273,73.5294117647059,83.3333333333333,"Public","Male"
76.3636363636364,62.8571428571429,61.6666666666667,"Public","Male"
43.6363636363636,44.6666666666667,40,"Public","Female"
70.9090909090909,64.375,60,"Private","Female"
83.6363636363636,64,51.6666666666667,"Public","Male"
74.5454545454545,65.4545454545455,65,"Public","Female"
90.9090909090909,78.125,85,"Public","Female"
80,70,66.6666666666667,"Private","Male"
58.1818181818182,58,55,"Public","Female"
76.3636363636364,73.5483870967742,73.3333333333333,"Public","Male"
81.8181818181818,79.3548387096774,86.6666666666667,"Public","Female"
58.1818181818182,52,43.3333333333333,"Public","Male"
56.3636363636364,56.1290322580645,58.3333333333333,"Public","Female"
38.1818181818182,36.6666666666667,33.3333333333333,"Public","Male"
70.9090909090909,72.6666666666667,75,"Private","Female"
60,55.4838709677419,48.3333333333333,"Public","Male"
65.4545454545455,52.5,35,"Public","Female"
80,73.125,80,"Private","Female"
52.7272727272727,54.1935483870968,53.3333333333333,"Public","Female"
41.8181818181818,48.2758620689655,51.6666666666667,"Public","Female"
50.9090909090909,61.9354838709677,71.6666666666667,"Public","Male"
60,61.875,61.6666666666667,"Public","Female"
74.5454545454545,71.25,73.3333333333333,"Public","Female"
63.6363636363636,64,66.6666666666667,"Public","Female"
74.5454545454545,54.1935483870968,36.6666666666667,"Public","Female"
80,66.0606060606061,60,"Public","Female"
63.6363636363636,56.875,41.6666666666667,"Public","Male"
67.2727272727273,63.75,66.6666666666667,"Public","Male"
72.7272727272727,67.0967741935484,63.3333333333333,"Public","Female"
100,91.7241379310345,100,"Public","Male"
70.9090909090909,72,76.6666666666667,"Public","Female"
58.1818181818182,52.6666666666667,35,"Public","Male"
89.0909090909091,82.6666666666667,88.3333333333333,"Public","Female"
89.0909090909091,82.6666666666667,90,"Public","Male"
70.9090909090909,63.8709677419355,60,"Public","Male"
61.8181818181818,65.1612903225807,75,"Public","Male"
49.0909090909091,53.9393939393939,60,"Public","Female"
58.1818181818182,58.0645161290323,60,"Public","Female"
90.9090909090909,80,80,"Public","Male"
60,60.6896551724138,60,"Public","Male"
100,83.2258064516129,80,"Public","Female"
78.1818181818182,73.5714285714286,75,"Public","Female"
58.1818181818182,61.875,65,"Public","Female"
98.1818181818182,82.6666666666667,86.6666666666667,"Public","Female"
63.6363636363636,58.1818181818182,53.3333333333333,"Public","Female"
63.6363636363636,66.6666666666667,65,"Public","Female"
81.8181818181818,70.625,66.6666666666667,"Public","Male"
90.9090909090909,91.3333333333333,100,"Public","Male"
80,74.375,73.3333333333333,"Public","Male"
60,63.125,70,"Public","Female"
60,62,66.6666666666667,"Public","Female"
69.0909090909091,49.6774193548387,25,"Public","Male"
100,82.5806451612903,75,"Public","Female"
81.8181818181818,60.6666666666667,46.6666666666667,"Public","Male"
76.3636363636364,72.258064516129,76.6666666666667,"Public","Female"
78.1818181818182,69.375,60,"Public","Male"
70.9090909090909,70.625,71.6666666666667,"Public","Female"
56.3636363636364,55.625,55,"Public","Female"
90.9090909090909,84.5161290322581,95,"Public","Female"
56.3636363636364,58.75,63.3333333333333,"Public","Male"
20,39.3548387096774,41.6666666666667,"Public","Male"
69.0909090909091,69.375,73.3333333333333,"Public","Male"
56.3636363636364,56.3636363636364,50,"Public","Female"
78.1818181818182,58.7096774193548,40,"Public","Female"
38.1818181818182,45.1612903225806,46.6666666666667,"Public","Female"
43.6363636363636,55,65,"Public","Female"
36.3636363636364,46.4705882352941,45,"Public","Male"
20,34.1935483870968,28.3333333333333,"Private","Male"
80,75,80,"Public","Female"
43.6363636363636,53.5483870967742,53.3333333333333,"Public","Female"
60,59.3333333333333,53.3333333333333,"Public","Male"
85.4545454545455,63.5714285714286,53.3333333333333,"Public","Female"
76.3636363636364,64.5161290322581,60,"Public","Male"
89.0909090909091,64.6666666666667,50,"Public","Male"
74.5454545454545,68.125,71.6666666666667,"Public","Female"
65.4545454545455,54.8387096774194,48.3333333333333,"Public","Female"
41.8181818181818,38.7096774193548,40,"Public","Female"
74.5454545454545,64.2424242424242,58.3333333333333,"Public","Female"
32.7272727272727,46.875,45,"Public","Female"
36.3636363636364,47.3333333333333,46.6666666666667,"Public","Male"
85.4545454545455,74.4827586206897,68.3333333333333,"Public","Female"
100,85.1612903225806,90,"Public","Female"
67.2727272727273,62.6666666666667,60,"Public","Female"
76.3636363636364,76.1290322580645,85,"Public","Female"
43.6363636363636,48.75,48.3333333333333,"Public","Male"
69.0909090909091,63.2258064516129,60,"Public","Female"
69.0909090909091,63.2258064516129,66.6666666666667,"Public","Female"
76.3636363636364,62.5,50,"Public","Female"
54.5454545454545,48,38.3333333333333,"Public","Male"
20,30.3225806451613,20,"Public","Female"
87.2727272727273,81.25,90,"Public","Male"
27.2727272727273,27.3333333333333,20,"Public","Male"
56.3636363636364,59.3103448275862,65,"Public","Male"
89.0909090909091,67.8787878787879,65,"Public","Male"
80,74.1176470588235,78.3333333333333,"Public","Male"
47.2727272727273,43.6363636363636,35,"Public","Female"
60,65.1612903225807,73.3333333333333,"Public","Female"
74.5454545454545,64.375,63.3333333333333,"Public","Female"
41.8181818181818,50.3225806451613,53.3333333333333,"Public","Female"
54.5454545454545,56.25,53.3333333333333,"Public","Female"
52.7272727272727,48,46.6666666666667,"Public","Female"
56.3636363636364,61.3333333333333,71.6666666666667,"Public","Male"
60,57.5757575757576,53.3333333333333,"Public","Female"
90.9090909090909,79.375,80,"Public","Female"
85.4545454545455,70,60,"Public","Female"
20,32,20,"Private","Female"
94.5454545454545,77.2413793103448,71.6666666666667,"Public","Female"
41.8181818181818,42.5806451612903,41.6666666666667,"Public","Female"
65.4545454545455,70.625,80,"Public","Female"
78.1818181818182,75.3333333333333,80,"Public","Female"
80,74.1935483870968,75,"Public","Female"
45.4545454545455,45.1612903225806,40,"Public","Female"
38.1818181818182,46.25,46.6666666666667,"Public","Female"
65.4545454545455,53.75,45,"Public","Female"
58.1818181818182,58.7096774193548,61.6666666666667,"Public","Male"
47.2727272727273,49.375,40,"Public","Female"
72.7272727272727,69.6774193548387,78.3333333333333,"Public","Female"
47.2727272727273,49.6551724137931,48.3333333333333,"Public","Female"
74.5454545454545,74.5454545454545,91.6666666666667,"Private","Male"
78.1818181818182,57.4193548387097,45,"Public","Female"
60,59.3548387096774,56.6666666666667,"Public","Female"
85.4545454545455,81.9354838709677,88.3333333333333,"Public","Male"
60,61.9354838709677,60,"Public","Female"
100,91.6129032258065,96.6666666666667,"Public","Male"
63.6363636363636,58.1818181818182,61.6666666666667,"Public","Female"
72.7272727272727,53.75,40,"Public","Female"
49.0909090909091,55.7575757575758,68.3333333333333,"Public","Female"
49.0909090909091,52.9032258064516,48.3333333333333,"Public","Female"
69.0909090909091,65.625,65,"Public","Female"
76.3636363636364,76.1290322580645,78.3333333333333,"Public","Female"
36.3636363636364,52.6666666666667,61.6666666666667,"Public","Female"
85.4545454545455,70.625,68.3333333333333,"Public","Female"
36.3636363636364,38,35,"Public","Female"
74.5454545454545,64.5161290322581,60,"Public","Female"
72.7272727272727,68,78.3333333333333,"Public","Female"
23.6363636363636,41.2121212121212,40,"Public","Female"
87.2727272727273,78.7878787878788,85,"Public","Female"
98.1818181818182,76.875,68.3333333333333,"Public","Female"
60,58,58.3333333333333,"Public","Female"
60,57.4193548387097,51.6666666666667,"Public","Female"
76.3636363636364,63.75,63.3333333333333,"Public","Female"
52.7272727272727,55.625,53.3333333333333,"Public","Female"
40,41.2903225806452,40,"Public","Female"
78.1818181818182,70.3225806451613,68.3333333333333,"Public","Female"
67.2727272727273,59.375,55,"Public","Female"
76.3636363636364,69.375,68.3333333333333,"Public","Female"
21.8181818181818,32.6666666666667,30,"Public","Female"
81.8181818181818,66.6666666666667,60,"Public","Female"
61.8181818181818,54.8387096774194,45,"Public","Female"
74.5454545454545,73.75,78.3333333333333,"Public","Female"
49.0909090909091,49.0322580645161,43.3333333333333,"Public","Female"
65.4545454545455,64.5161290322581,71.6666666666667,"Public","Female"
52.7272727272727,65.3333333333333,78.3333333333333,"Public","Female"
58.1818181818182,55.7575757575758,53.3333333333333,"Private","Female"
85.4545454545455,81.8181818181818,100,"Public","Female"
67.2727272727273,59.2857142857143,53.3333333333333,"Public","Female"
76.3636363636364,61.3333333333333,45,"Public","Female"
100,90.3225806451613,98.3333333333333,"Public","Male"
80,78.6666666666667,81.6666666666667,"Public","Female"
36.3636363636364,41.9354838709677,43.3333333333333,"Public","Female"
90.9090909090909,84.6666666666667,88.3333333333333,"Public","Female"
69.0909090909091,66.0606060606061,70,"Public","Female"
89.0909090909091,69.0322580645161,58.3333333333333,"Public","Female"
90.9090909090909,80.625,88.3333333333333,"Private","Male"
63.6363636363636,70.3225806451613,78.3333333333333,"Public","Male"
78.1818181818182,73.9393939393939,78.3333333333333,"Public","Female"
69.0909090909091,59.3939393939394,53.3333333333333,"Public","Male"
67.2727272727273,64.8484848484848,68.3333333333333,"Public","Female"
74.5454545454545,69.375,73.3333333333333,"Public","Female"
80,69.0322580645161,60,"Public","Female"
80,72.3529411764706,78.3333333333333,"Public","Female"
78.1818181818182,71.1764705882353,71.6666666666667,"Public","Female"
78.1818181818182,75.7142857142857,76.6666666666667,"Public","Female"
52.7272727272727,51.7241379310345,51.6666666666667,"Public","Female"
78.1818181818182,76,80,"Public","Female"
83.6363636363636,67.8787878787879,63.3333333333333,"Public","Male"
61.8181818181818,58.75,58.3333333333333,"Public","Female"
72.7272727272727,66.875,73.3333333333333,"Public","Female"
65.4545454545455,60.6451612903226,55,"Public","Female"
96.3636363636364,84,88.3333333333333,"Public","Female"
83.6363636363636,73.5483870967742,73.3333333333333,"Public","Female"
54.5454545454545,52.5,45,"Public","Female"
69.0909090909091,55,40,"Public","Female"
80,78.0645161290323,80,"Public","Female"
63.6363636363636,61.1428571428571,60,"Public","Female"
20,24.8275862068966,20,"Public","Male"
85.4545454545455,76.875,76.6666666666667,"Private","Female"
89.0909090909091,80,83.3333333333333,"Public","Female"
80,61.25,56.6666666666667,"Public","Male"
76.3636363636364,70,71.6666666666667,"Public","Female"
60,64.375,75,"Public","Female"
87.2727272727273,65.625,56.6666666666667,"Public","Male"
60,60,60,"Public","Male"
70.9090909090909,66.875,70,"Public","Female"
58.1818181818182,59.4117647058824,55,"Public","Female"
43.6363636363636,46.875,36.6666666666667,"Public","Female"
45.4545454545455,50,53.3333333333333,"Public","Male"
52.7272727272727,49.6774193548387,36.6666666666667,"Public","Female"
69.0909090909091,55.3333333333333,43.3333333333333,"Public","Male"
85.4545454545455,72.5,76.6666666666667,"Public","Female"
80,65.625,58.3333333333333,"Public","Female"
61.8181818181818,67.741935483871,76.6666666666667,"Public","Female"
80,68.3870967741936,60,"Public","Female"
92.7272727272727,69.6969696969697,56.6666666666667,"Public","Female"
49.0909090909091,46.6666666666667,33.3333333333333,"Public","Female"
60,77.3333333333333,100,"Public","Male"
27.2727272727273,40.6451612903226,41.6666666666667,"Public","Female"
70.9090909090909,61.9354838709677,51.6666666666667,"Public","Female"
78.1818181818182,72.7272727272727,80,"Public","Female"
67.2727272727273,57.5757575757576,53.3333333333333,"Public","Female"
87.2727272727273,71.5151515151515,70,"Public","Female"
30.9090909090909,40.625,31.6666666666667,"Public","Male"
78.1818181818182,68.125,61.6666666666667,"Public","Male"
45.4545454545455,53.5483870967742,55,"Public","Female"
87.2727272727273,81.2903225806452,85,"Public","Female"
76.3636363636364,69.6969696969697,68.3333333333333,"Public","Female"
67.2727272727273,57.5757575757576,45,"Public","Female"
49.0909090909091,49.375,48.3333333333333,"Public","Female"
34.5454545454545,34.4827586206897,28.3333333333333,"Public","Female"
90.9090909090909,88.2758620689655,90,"Public","Female"
52.7272727272727,47.741935483871,33.3333333333333,"Public","Female"
50.9090909090909,51.25,45,"Public","Male"
76.3636363636364,78.75,88.3333333333333,"Public","Female"
85.4545454545455,72.5714285714286,73.3333333333333,"Public","Female"
45.4545454545455,45.4545454545455,38.3333333333333,"Public","Female"
49.0909090909091,50.625,48.3333333333333,"Public","Female"
72.7272727272727,63.125,56.6666666666667,"Public","Female"
98.1818181818182,84.6666666666667,81.6666666666667,"Public","Female"
49.0909090909091,49.3333333333333,48.3333333333333,"Public","Female"
47.2727272727273,51.25,46.6666666666667,"Public","Female"
60,61.2121212121212,63.3333333333333,"Public","Male"
60,59.375,55,"Public","Female"
61.8181818181818,58.125,51.6666666666667,"Public","Female"
69.0909090909091,61.25,63.3333333333333,"Public","Female"
69.0909090909091,69.0322580645161,76.6666666666667,"Public","Female"
67.2727272727273,57.4193548387097,48.3333333333333,"Public","Female"
72.7272727272727,70.625,76.6666666666667,"Public","Female"
40,45.1612903225806,38.3333333333333,"Public","Male"
78.1818181818182,66.25,61.6666666666667,"Private","Female"
49.0909090909091,63.125,78.3333333333333,"Public","Female"
60,62.5806451612903,65,"Public","Female"
41.8181818181818,39.3103448275862,28.3333333333333,"Public","Male"
83.6363636363636,71.875,63.3333333333333,"Public","Female"
30.9090909090909,36.875,33.3333333333333,"Public","Female"
60,50.6666666666667,28.3333333333333,"Public","Female"
58.1818181818182,56.25,58.3333333333333,"Public","Female"
50.9090909090909,59.3103448275862,68.3333333333333,"Public","Female"
54.5454545454545,54.375,53.3333333333333,"Public","Female"
34.5454545454545,38.6666666666667,30,"Public","Female"
58.1818181818182,52.6666666666667,45,"Public","Female"
83.6363636363636,75.3333333333333,75,"Public","Female"
47.2727272727273,50,51.6666666666667,"Public","Female"
72.7272727272727,68.75,78.3333333333333,"Public","Female"
78.1818181818182,63.6363636363636,48.3333333333333,"Public","Female"
56.3636363636364,63.2258064516129,75,"Public","Male"
80,63.125,53.3333333333333,"Public","Female"
80,75.3333333333333,80,"Public","Female"
76.3636363636364,66.6666666666667,68.3333333333333,"Public","Female"
85.4545454545455,76.7741935483871,78.3333333333333,"Public","Female"
69.0909090909091,59.3548387096774,55,"Public","Female"
76.3636363636364,67.741935483871,65,"Public","Female"
50.9090909090909,58.75,68.3333333333333,"Public","Female"
49.0909090909091,51.6129032258064,55,"Public","Female"
76.3636363636364,60.6451612903226,43.3333333333333,"Public","Female"
72.7272727272727,64.5161290322581,61.6666666666667,"Public","Female"
70.9090909090909,63.3333333333333,55,"Public","Female"
32.7272727272727,32.1428571428571,26.6666666666667,"Public","Female"
60,59.375,56.6666666666667,"Public","Female"
70.9090909090909,69.6969696969697,78.3333333333333,"Public","Female"
67.2727272727273,62.7586206896552,56.6666666666667,"Public","Female"
47.2727272727273,46,38.3333333333333,"Public","Female"
98.1818181818182,76.1290322580645,66.6666666666667,"Public","Female"
20,30.9677419354839,20,"Public","Female"
72.7272727272727,68.6666666666667,71.6666666666667,"Public","Female"
100,92.258064516129,100,"Public","Male"
90.9090909090909,68.6666666666667,58.3333333333333,"Public","Male"
76.3636363636364,77.5757575757576,86.6666666666667,"Public","Female"
36.3636363636364,44.5161290322581,40,"Public","Female"
90.9090909090909,77.3333333333333,73.3333333333333,"Public","Female"
45.4545454545455,47.3333333333333,45,"Public","Female"
65.4545454545455,58.6206896551724,50,"Public","Female"
58.1818181818182,55.625,50,"Public","Female"
30.9090909090909,43.030303030303,40,"Public","Female"
38.1818181818182,42.5806451612903,38.3333333333333,"Public","Male"
58.1818181818182,55.2941176470588,50,"Public","Female"
61.8181818181818,58.75,60,"Public","Female"
63.6363636363636,61.2903225806452,63.3333333333333,"Public","Female"
41.8181818181818,42.5,38.3333333333333,"Public","Female"
63.6363636363636,60.6060606060606,60,"Public","Female"
70.9090909090909,66.4516129032258,60,"Public","Female"
80,73.3333333333333,80,"Public","Female"
60,60.6451612903226,60,"Public","Female"
20,33.125,30,"Public","Female"
49.0909090909091,56.1290322580645,65,"Public","Female"
76.3636363636364,68.4848484848485,73.3333333333333,"Public","Female"
63.6363636363636,63.2258064516129,60,"Public","Female"
76.3636363636364,62.4242424242424,55,"Public","Male"
81.8181818181818,77.3333333333333,83.3333333333333,"Public","Female"
80,74,80,"Public","Female"
50.9090909090909,55.3333333333333,58.3333333333333,"Public","Female"
96.3636363636364,73.125,56.6666666666667,"Public","Female"
80,67.741935483871,65,"Public","Female"
76.3636363636364,63.125,66.6666666666667,"Public","Male"
67.2727272727273,70,81.6666666666667,"Public","Female"
78.1818181818182,70.9677419354839,68.3333333333333,"Public","Female"
43.6363636363636,60.6451612903226,68.3333333333333,"Public","Female"
80,76,76.6666666666667,"Public","Female"
45.4545454545455,65.1612903225807,83.3333333333333,"Public","Male"
30.9090909090909,38.0645161290323,21.6666666666667,"Public","Female"
32.7272727272727,34.6666666666667,21.6666666666667,"Public","Female"
74.5454545454545,70,66.6666666666667,"Public","Female"
61.8181818181818,65.1612903225807,76.6666666666667,"Public","Male"
72.7272727272727,68.125,63.3333333333333,"Public","Female"
81.8181818181818,62.4242424242424,50,"Public","Female"
89.0909090909091,81.2121212121212,98.3333333333333,"Public","Female"
65.4545454545455,66.25,80,"Public","Female"
72.7272727272727,65,61.6666666666667,"Public","Female"
89.0909090909091,75.4838709677419,66.6666666666667,"Public","Female"
60,58.125,58.3333333333333,"Public","Female"
76.3636363636364,70,65,"Public","Female"
80,76.875,80,"Public","Female"
78.1818181818182,68.6666666666667,65,"Public","Female"
38.1818181818182,50.3225806451613,53.3333333333333,"Public","Male"
63.6363636363636,60,60,"Public","Male"
63.6363636363636,59.375,48.3333333333333,"Public","Female"
61.8181818181818,55.7575757575758,46.6666666666667,"Public","Female"
72.7272727272727,66.4516129032258,70,"Public","Female"
70.9090909090909,71.3333333333333,78.3333333333333,"Public","Female"
40,41.8181818181818,26.6666666666667,"Public","Female"
70.9090909090909,59.3548387096774,46.6666666666667,"Public","Male"
52.7272727272727,54.8387096774194,43.3333333333333,"Public","Female"
76.3636363636364,65.625,60,"Public","Female"
32.7272727272727,41.875,38.3333333333333,"Public","Female"
85.4545454545455,74.8387096774193,68.3333333333333,"Public","Female"
80,71.5151515151515,71.6666666666667,"Public","Female"
78.1818181818182,66.4516129032258,66.6666666666667,"Public","Female"
80,70,71.6666666666667,"Public","Female"
58.1818181818182,55.7575757575758,46.6666666666667,"Public","Female"
85.4545454545455,68.6666666666667,68.3333333333333,"Public","Female"
72.7272727272727,70,73.3333333333333,"Public","Female"
60,52.1212121212121,40,"Public","Male"
80,76.1290322580645,78.3333333333333,"Public","Female"
60,54.8571428571429,53.3333333333333,"Public","Female"
74.5454545454545,71.3333333333333,73.3333333333333,"Public","Female"
78.1818181818182,59.3939393939394,45,"Public","Female"
60,62.3529411764706,58.3333333333333,"Public","Female"
100,80.6060606060606,80,"Public","Female"
52.7272727272727,46.4516129032258,40,"Public","Female"
43.6363636363636,50.5882352941176,51.6666666666667,"Public","Female"
36.3636363636364,36.875,31.6666666666667,"Public","Female"
76.3636363636364,58.7878787878788,40,"Public","Female"
76.3636363636364,66.25,66.6666666666667,"Private","Female"
58.1818181818182,54.8387096774194,50,"Public","Female"
67.2727272727273,66.25,70,"Public","Female"
72.7272727272727,67.2727272727273,71.6666666666667,"Public","Female"
45.4545454545455,53.75,55,"Public","Female"
76.3636363636364,68.8235294117647,68.3333333333333,"Public","Female"
41.8181818181818,49.6774193548387,46.6666666666667,"Public","Female"
72.7272727272727,64.7058823529412,66.6666666666667,"Public","Female"
54.5454545454545,59.3333333333333,71.6666666666667,"Public","Female"
60,44.2857142857143,23.3333333333333,"Public","Male"
60,69.6774193548387,80,"Public","Female"
80,76.25,80,"Public","Female"
34.5454545454545,51.3333333333333,58.3333333333333,"Public","Female"
72.7272727272727,69.375,70,"Public","Female"
36.3636363636364,42.5806451612903,38.3333333333333,"Public","Female"
52.7272727272727,60,66.6666666666667,"Public","Female"
60,55.1724137931035,60,"Public","Male"
74.5454545454545,73.125,81.6666666666667,"Public","Female"
60,58.0645161290323,60,"Public","Female"
36.3636363636364,63.3333333333333,80,"Public","Female"
60,60.6666666666667,60,"Public","Female"
80,68,60,"Public","Female"
47.2727272727273,40,20,"Public","Female"
76.3636363636364,73.75,73.3333333333333,"Public","Female"
80,77.4193548387097,78.3333333333333,"Public","Female"
80,68.75,66.6666666666667,"Public","Male"
60,60,60,"Public","Male"
45.4545454545455,45.1612903225806,30,"Public","Male"
78.1818181818182,72.258064516129,70,"Public","Female"
30.9090909090909,41.25,28.3333333333333,"Public","Female"
80,66.875,58.3333333333333,"Public","Female"
80,71.25,75,"Public","Female"
61.8181818181818,70.3225806451613,80,"Public","Female"
65.4545454545455,57.5,40,"Public","Female"
29.0909090909091,43.030303030303,38.3333333333333,"Public","Female"
60,51.6129032258064,41.6666666666667,"Private","Female"
41.8181818181818,44.7058823529412,43.3333333333333,"Public","Male"
20,31.875,20,"Public","Female"
58.1818181818182,60.6451612903226,61.6666666666667,"Public","Female"
38.1818181818182,38.7878787878788,30,"Public","Male"
96.3636363636364,87.741935483871,98.3333333333333,"Public","Male"
80,73.75,80,"Public","Female"
70.9090909090909,71.6129032258064,78.3333333333333,"Public","Female"
20,30.3030303030303,21.6666666666667,"Public","Female"
54.5454545454545,60.625,63.3333333333333,"Public","Female"
80,77.4193548387097,80,"Public","Female"
41.8181818181818,47.741935483871,43.3333333333333,"Public","Male"
21.8181818181818,37.0588235294118,33.3333333333333,"Public","Female"
72.7272727272727,66.0606060606061,61.6666666666667,"Public","Female"
100,86.875,95,"Public","Female"
72.7272727272727,62.4242424242424,61.6666666666667,"Public","Female"
81.8181818181818,69.6774193548387,63.3333333333333,"Public","Female"
65.4545454545455,59.3333333333333,55,"Private","Female"
45.4545454545455,50,51.6666666666667,"Private","Female"
72.7272727272727,64.8484848484848,60,"Public","Female"
56.3636363636364,64,75,"Public","Female"
60,68.125,80,"Public","Female"
60,60,60,"Private","Female"
50.9090909090909,52.9032258064516,51.6666666666667,"Public","Female"
63.6363636363636,66.25,73.3333333333333,"Public","Female"
54.5454545454545,63.030303030303,66.6666666666667,"Public","Female"
49.0909090909091,54,53.3333333333333,"Public","Female"
52.7272727272727,59.3548387096774,66.6666666666667,"Public","Female"
76.3636363636364,66.0606060606061,55,"Public","Female"
92.7272727272727,85.7142857142857,86.6666666666667,"Public","Female"
40,46.25,46.6666666666667,"Public","Female"
72.7272727272727,69.6969696969697,76.6666666666667,"Public","Female"
80,74.6666666666667,81.6666666666667,"Public","Female"
80,76.969696969697,80,"Public","Female"
80,66.875,55,"Public","Female"
78.1818181818182,58.75,50,"Public","Female"
52.7272727272727,52.1212121212121,46.6666666666667,"Public","Female"
61.8181818181818,59.375,56.6666666666667,"Public","Female"
67.2727272727273,60.5882352941176,58.3333333333333,"Public","Female"
78.1818181818182,76,78.3333333333333,"Public","Male"
54.5454545454545,55,48.3333333333333,"Public","Female"
56.3636363636364,60,60,"Public","Female"
67.2727272727273,64.5161290322581,65,"Public","Female"
100,92.6666666666667,96.6666666666667,"Public","Female"
36.3636363636364,42,33.3333333333333,"Public","Female"
47.2727272727273,48.4848484848485,43.3333333333333,"Public","Female"
90.9090909090909,79.3333333333333,78.3333333333333,"Public","Female"
58.1818181818182,61.3793103448276,61.6666666666667,"Public","Female"
65.4545454545455,54.1935483870968,48.3333333333333,"Public","Female"
60,63.8709677419355,71.6666666666667,"Public","Male"
58.1818181818182,47.5862068965517,36.6666666666667,"Public","Female"
90.9090909090909,83.8709677419355,90,"Public","Female"
90.9090909090909,79.375,85,"Public","Male"
76.3636363636364,67.5,65,"Public","Female"
69.0909090909091,69.3333333333333,70,"Public","Female"
60,58.8235294117647,60,"Public","Female"
92.7272727272727,83.75,88.3333333333333,"Public","Female"
96.3636363636364,89.6551724137931,100,"Public","Female"
38.1818181818182,42,41.6666666666667,"Public","Female"
80,58.75,43.3333333333333,"Public","Female"
36.3636363636364,42,38.3333333333333,"Public","Female"
80,80,88.3333333333333,"Public","Female"
78.1818181818182,67.8787878787879,68.3333333333333,"Public","Female"
60,51.875,36.6666666666667,"Public","Female"
58.1818181818182,55.4838709677419,56.6666666666667,"Public","Female"
98.1818181818182,81.9354838709677,80,"Public","Female"
98.1818181818182,90.9677419354839,98.3333333333333,"Public","Female"
67.2727272727273,69.0322580645161,76.6666666666667,"Public","Female"
80,70.625,70,"Public","Female"
61.8181818181818,56.7741935483871,48.3333333333333,"Public","Female"
89.0909090909091,73.5483870967742,65,"Public","Female"
100,94.2857142857143,100,"Public","Male"
76.3636363636364,72.9032258064516,80,"Public","Female"
67.2727272727273,70.3448275862069,81.6666666666667,"Public","Male"
20,33.1034482758621,40,"Public","Female"
34.5454545454545,45.4545454545455,41.6666666666667,"Public","Female"
72.7272727272727,66.6666666666667,65,"Public","Female"
54.5454545454545,52.9032258064516,56.6666666666667,"Public","Female"
80,68.125,63.3333333333333,"Public","Female"
27.2727272727273,34.1935483870968,30,"Public","Male"
80,78.7096774193548,80,"Public","Female"
80,76.3636363636364,80,"Public","Female"
80,72.9411764705882,80,"Public","Female"
74.5454545454545,66.0606060606061,63.3333333333333,"Public","Female"
90.9090909090909,76.3636363636364,81.6666666666667,"Public","Female"
83.6363636363636,80,86.6666666666667,"Private","Male"
81.8181818181818,74.8387096774193,73.3333333333333,"Public","Female"
81.8181818181818,65.8064516129032,56.6666666666667,"Public","Female"
49.0909090909091,54.2857142857143,65,"Private","Male"
80,75.625,80,"Public","Female"
83.6363636363636,77.5757575757576,85,"Public","Male"
70.9090909090909,70.3225806451613,73.3333333333333,"Public","Female"
29.0909090909091,33.5714285714286,38.3333333333333,"Public","Male"
94.5454545454545,86.4516129032258,96.6666666666667,"Private","Female"
47.2727272727273,42.5806451612903,23.3333333333333,"Public","Male"
78.1818181818182,76.1290322580645,83.3333333333333,"Public","Female"
90.9090909090909,78.7096774193548,73.3333333333333,"Private","Male"
65.4545454545455,64.5161290322581,66.6666666666667,"Public","Female"
67.2727272727273,65.1612903225807,71.6666666666667,"Public","Female"
98.1818181818182,73.3333333333333,61.6666666666667,"Public","Male"
54.5454545454545,58.6206896551724,63.3333333333333,"Public","Female"
90.9090909090909,79.3333333333333,81.6666666666667,"Public","Female"
58.1818181818182,56.1290322580645,48.3333333333333,"Public","Female"
60,57.5757575757576,51.6666666666667,"Public","Female"
80,68.4848484848485,65,"Public","Male"
32.7272727272727,29.3333333333333,20,"Public","Male"
60,52.258064516129,48.3333333333333,"Public","Female"
56.3636363636364,63.4285714285714,75,"Public","Male"
52.7272727272727,51.6129032258064,48.3333333333333,"Public","Female"
83.6363636363636,62.5,45,"Public","Female"
41.8181818181818,49.6774193548387,41.6666666666667,"Public","Female"
78.1818181818182,72.258064516129,76.6666666666667,"Public","Female"
49.0909090909091,42.5,30,"Public","Female"
76.3636363636364,67.0967741935484,60,"Public","Male"
74.5454545454545,62.4242424242424,56.6666666666667,"Public","Male"
80,75.4838709677419,78.3333333333333,"Public","Female"
63.6363636363636,63.2258064516129,66.6666666666667,"Public","Female"
50.9090909090909,56.6666666666667,61.6666666666667,"Public","Female"
70.9090909090909,74.6666666666667,81.6666666666667,"Private","Male"
83.6363636363636,86,100,"Public","Female"
85.4545454545455,65.1612903225807,46.6666666666667,"Public","Female"
74.5454545454545,78.7096774193548,88.3333333333333,"Public","Male"
85.4545454545455,71.875,65,"Public","Female"
80,71.25,68.3333333333333,"Public","Male"
50.9090909090909,50.3448275862069,51.6666666666667,"Public","Female"
80,76,80,"Public","Male"
56.3636363636364,47.0967741935484,36.6666666666667,"Public","Female"
78.1818181818182,73.75,81.6666666666667,"Private","Male"
45.4545454545455,45.4545454545455,38.3333333333333,"Public","Female"
60,60.6451612903226,60,"Public","Female"
80,71.875,68.3333333333333,"Public","Female"
74.5454545454545,70,70,"Public","Female"
87.2727272727273,65,48.3333333333333,"Public","Female"
80,73.75,78.3333333333333,"Public","Female"
89.0909090909091,65.3333333333333,46.6666666666667,"Public","Female"
52.7272727272727,63.8709677419355,71.6666666666667,"Public","Male"
80,76.1290322580645,80,"Public","Female"
63.6363636363636,62,61.6666666666667,"Public","Male"
60,54.375,51.6666666666667,"Public","Female"
80,75,80,"Public","Female"
70.9090909090909,65,65,"Public","Male"
58.1818181818182,59.3548387096774,60,"Public","Female"
21.8181818181818,36.551724137931,40,"Public","Female"
98.1818181818182,87.0967741935484,91.6666666666667,"Public","Female"
43.6363636363636,50.3225806451613,50,"Public","Female"
87.2727272727273,77.3333333333333,78.3333333333333,"Public","Male"
58.1818181818182,52.5,38.3333333333333,"Public","Male"
49.0909090909091,48.3870967741936,40,"Public","Female"
45.4545454545455,61.9354838709677,73.3333333333333,"Public","Female"
60,58.1818181818182,58.3333333333333,"Public","Female"
50.9090909090909,53.7931034482759,60,"Private","Female"
94.5454545454545,72.9032258064516,61.6666666666667,"Public","Female"
34.5454545454545,42.5806451612903,43.3333333333333,"Public","Female"
83.6363636363636,66.875,60,"Public","Female"
94.5454545454545,83.8709677419355,90,"Public","Female"
90.9090909090909,82.6666666666667,88.3333333333333,"Public","Female"
80,77.3333333333333,81.6666666666667,"Public","Female"
43.6363636363636,48.6666666666667,61.6666666666667,"Public","Female"
20,32.9411764705882,20,"Public","Female"
72.7272727272727,68.3870967741936,66.6666666666667,"Public","Female"
78.1818181818182,65.8064516129032,55,"Public","Female"
41.8181818181818,41.2903225806452,45,"Public","Female"
56.3636363636364,54.8387096774194,50,"Public","Female"
43.6363636363636,50.3448275862069,45,"Public","Female"
50.9090909090909,53.9393939393939,51.6666666666667,"Public","Female"
60,60.625,56.6666666666667,"Public","Female"
65.4545454545455,52.9032258064516,46.6666666666667,"Public","Female"
40,43.75,41.6666666666667,"Public","Male"
41.8181818181818,57.5,80,"Public","Female"
61.8181818181818,58.125,51.6666666666667,"Public","Female"
47.2727272727273,50.9677419354839,48.3333333333333,"Public","Male"
36.3636363636364,46.8965517241379,50,"Public","Female"
94.5454545454545,74.8387096774193,61.6666666666667,"Public","Male"
45.4545454545455,53.5483870967742,56.6666666666667,"Public","Female"
45.4545454545455,51.25,51.6666666666667,"Public","Female"
76.3636363636364,72.1212121212121,78.3333333333333,"Public","Female"
47.2727272727273,56.1290322580645,58.3333333333333,"Public","Female"
27.2727272727273,40.6666666666667,43.3333333333333,"Public","Female"
27.2727272727273,37.3333333333333,41.6666666666667,"Public","Male"
21.8181818181818,32.9032258064516,21.6666666666667,"Public","Female"
63.6363636363636,61.9354838709677,61.6666666666667,"Public","Female"
70.9090909090909,64.2424242424242,61.6666666666667,"Public","Female"
87.2727272727273,76.6666666666667,73.3333333333333,"Private","Female"
81.8181818181818,75.4838709677419,75,"Public","Female"
63.6363636363636,56.1290322580645,50,"Public","Female"
94.5454545454545,81.2903225806452,83.3333333333333,"Public","Female"
60,60,60,"Public","Female"
76.3636363636364,63.5294117647059,63.3333333333333,"Public","Female"
65.4545454545455,61.9354838709677,63.3333333333333,"Public","Female"
60,58.7096774193548,56.6666666666667,"Public","Female"
54.5454545454545,54,55,"Public","Female"
52.7272727272727,51.7241379310345,46.6666666666667,"Public","Female"
60,66.875,81.6666666666667,"Public","Male"
56.3636363636364,52.258064516129,41.6666666666667,"Public","Male"
61.8181818181818,44,21.6666666666667,"Public","Female"
58.1818181818182,55.4838709677419,60,"Public","Female"
58.1818181818182,57.4193548387097,51.6666666666667,"Public","Female"
47.2727272727273,48.4848484848485,41.6666666666667,"Public","Female"
29.0909090909091,39.3548387096774,30,"Public","Female"
36.3636363636364,58,80,"Public","Male"
34.5454545454545,53.3333333333333,70,"Public","Male"
83.6363636363636,76.1290322580645,80,"Public","Female"
89.0909090909091,83.125,91.6666666666667,"Public","Female"
69.0909090909091,61.2121212121212,53.3333333333333,"Public","Male"
54.5454545454545,52.5,48.3333333333333,"Public","Female"
89.0909090909091,73.5483870967742,68.3333333333333,"Public","Female"
78.1818181818182,70.9677419354839,68.3333333333333,"Public","Female"
63.6363636363636,57.5,51.6666666666667,"Public","Female"
36.3636363636364,42,40,"Public","Female"
94.5454545454545,81.3793103448276,88.3333333333333,"Public","Female"
47.2727272727273,52.9032258064516,58.3333333333333,"Public","Female"
43.6363636363636,52.4137931034483,58.3333333333333,"Public","Female"
81.8181818181818,76.875,83.3333333333333,"Public","Female"
27.2727272727273,36.25,26.6666666666667,"Public","Male"
21.8181818181818,40,53.3333333333333,"Public","Female"
56.3636363636364,60,63.3333333333333,"Public","Female"
74.5454545454545,71.0344827586207,70,"Public","Female"
96.3636363636364,84.5161290322581,86.6666666666667,"Public","Male"
74.5454545454545,67.3333333333333,65,"Public","Female"
83.6363636363636,75.7142857142857,81.6666666666667,"Public","Female"
40,38.7096774193548,30,"Public","Female"
56.3636363636364,54.8387096774194,48.3333333333333,"Public","Female"
69.0909090909091,64.2424242424242,61.6666666666667,"Public","Female"
41.8181818181818,43.2258064516129,40,"Public","Female"
67.2727272727273,58.75,45,"Public","Female"
63.6363636363636,67.5,75,"Public","Female"
47.2727272727273,44.1379310344828,36.6666666666667,"Public","Female"
65.4545454545455,60,58.3333333333333,"Public","Female"
72.7272727272727,61.9354838709677,58.3333333333333,"Public","Male"
60,58.7878787878788,58.3333333333333,"Public","Female"
74.5454545454545,58.125,48.3333333333333,"Public","Female"
69.0909090909091,76.7741935483871,88.3333333333333,"Public","Female"
78.1818181818182,67.3333333333333,65,"Public","Female"
45.4545454545455,43.75,28.3333333333333,"Public","Male"
56.3636363636364,56.875,53.3333333333333,"Public","Male"
94.5454545454545,85.5172413793103,91.6666666666667,"Public","Female"
74.5454545454545,67.8787878787879,70,"Public","Male"
58.1818181818182,57.5757575757576,61.6666666666667,"Public","Female"
60,56.7741935483871,60,"Public","Female"
45.4545454545455,49.375,46.6666666666667,"Public","Female"
78.1818181818182,72.6666666666667,78.3333333333333,"Public","Female"
23.6363636363636,38,43.3333333333333,"Public","Male"
41.8181818181818,48.125,53.3333333333333,"Public","Female"
60,58.0645161290323,60,"Public","Female"
80,70.9677419354839,71.6666666666667,"Public","Male"
72.7272727272727,63.75,60,"Public","Female"
41.8181818181818,44.1379310344828,43.3333333333333,"Public","Male"
52.7272727272727,51.875,45,"Public","Male"
74.5454545454545,62.4242424242424,50,"Public","Female"
50.9090909090909,52.6666666666667,56.6666666666667,"Public","Female"
78.1818181818182,75.7575757575758,83.3333333333333,"Private","Female"
83.6363636363636,77.9310344827586,80,"Public","Female"
60,55.3333333333333,48.3333333333333,"Public","Female"
69.0909090909091,68.125,76.6666666666667,"Public","Female"
52.7272727272727,55.8823529411765,60,"Public","Female"
81.8181818181818,62.0689655172414,45,"Public","Male"
41.8181818181818,42.0689655172414,36.6666666666667,"Public","Female"
85.4545454545455,73.3333333333333,75,NA,"Female"
56.3636363636364,54.6666666666667,50,"Public","Female"
56.3636363636364,56.4285714285714,63.3333333333333,"Public","Male"
60,57.3333333333333,53.3333333333333,"Public","Female"
45.4545454545455,52.9032258064516,53.3333333333333,"Public","Female"
80,72.258064516129,73.3333333333333,"Public","Female"
23.6363636363636,26.6666666666667,20,"Public","Female"
65.4545454545455,58.125,46.6666666666667,"Public","Female"
38.1818181818182,42.5,38.3333333333333,"Public","Female"
100,77.5,65,"Public","Male"
40,49.375,53.3333333333333,"Public","Female"
65.4545454545455,58.7096774193548,56.6666666666667,"Public","Female"
45.4545454545455,45.8064516129032,40,"Public","Male"
78.1818181818182,75.625,90,"Public","Female"
29.0909090909091,35.625,35,"Private","Female"
52.7272727272727,51.3333333333333,43.3333333333333,"Public","Male"
60,58.6666666666667,60,"Public","Female"
70.9090909090909,62.5,56.6666666666667,"Public","Male"
78.1818181818182,69.6969696969697,70,"Public","Male"
41.8181818181818,56.7741935483871,65,"Public","Female"
81.8181818181818,79.3103448275862,81.6666666666667,"Public","Female"
70.9090909090909,60.6451612903226,56.6666666666667,"Public","Female"
38.1818181818182,35.3333333333333,30,"Public","Female"
52.7272727272727,50,51.6666666666667,"Public","Female"
78.1818181818182,75.8620689655172,80,"Public","Female"
83.6363636363636,72.9032258064516,68.3333333333333,"Public","Female"
58.1818181818182,44.8275862068965,30,"Public","Male"
100,82.5806451612903,88.3333333333333,"Public","Female"
20,27.741935483871,20,"Public","Female"
80,73.5294117647059,80,"Public","Female"
32.7272727272727,30.9677419354839,26.6666666666667,"Public","Female"
69.0909090909091,69.375,73.3333333333333,"Public","Female"
38.1818181818182,37.3333333333333,26.6666666666667,"Public","Male"
36.3636363636364,40,30,"Public","Female"
60,58.7096774193548,60,"Public","Female"
72.7272727272727,62.3529411764706,56.6666666666667,"Public","Female"
60,60,60,"Public","Female"
94.5454545454545,86.6666666666667,96.6666666666667,"Public","Female"
74.5454545454545,64.2424242424242,58.3333333333333,"Public","Female"
47.2727272727273,52.1212121212121,51.6666666666667,"Public","Female"
60,60,60,"Public","Female"
83.6363636363636,76.1290322580645,80,"Public","Female"
69.0909090909091,64.2424242424242,63.3333333333333,"Public","Female"
85.4545454545455,79.375,91.6666666666667,"Public","Female"
72.7272727272727,69.4117647058823,75,"Public","Female"
78.1818181818182,80,86.6666666666667,"Public","Female"
78.1818181818182,73.3333333333333,71.6666666666667,"Public","Female"
72.7272727272727,68.3870967741936,70,"Public","Female"
45.4545454545455,48.6666666666667,45,"Public","Female"
70.9090909090909,78.0645161290323,91.6666666666667,"Public","Female"
60,54.8387096774194,48.3333333333333,"Public","Female"
78.1818181818182,74.6666666666667,81.6666666666667,"Public","Female"
38.1818181818182,44.375,40,"Public","Male"
78.1818181818182,65.1612903225807,56.6666666666667,"Public","Female"
30.9090909090909,40,30,"Public","Female"
80,73.5483870967742,76.6666666666667,"Public","Female"
74.5454545454545,66.875,61.6666666666667,"Public","Female"
70.9090909090909,72.9032258064516,78.3333333333333,"Public","Female"
49.0909090909091,52.3529411764706,53.3333333333333,"Public","Female"
60,53.7931034482759,46.6666666666667,"Public","Female"
94.5454545454545,90.6666666666667,98.3333333333333,"Public","Female"
80,72.6666666666667,75,"Public","Female"
74.5454545454545,68.3870967741936,66.6666666666667,"Public","Female"
85.4545454545455,88.6666666666667,100,"Public","Male"
54.5454545454545,54,53.3333333333333,"Public","Female"
78.1818181818182,74.375,80,"Public","Female"
83.6363636363636,80.625,93.3333333333333,"Public","Female"
58.1818181818182,60.6666666666667,60,"Public","Female"
67.2727272727273,65.4545454545455,68.3333333333333,"Public","Female"
89.0909090909091,82.6666666666667,86.6666666666667,"Public","Female"
34.5454545454545,40,38.3333333333333,"Public","Female"
60,53.1034482758621,43.3333333333333,"Public","Female"
45.4545454545455,42.0689655172414,40,"Public","Female"
38.1818181818182,41.875,31.6666666666667,"Public","Female"
74.5454545454545,63.75,50,"Public","Female"
80,73.75,80,"Public","Female"
76.3636363636364,76.7741935483871,88.3333333333333,"Public","Female"
61.8181818181818,62.4242424242424,58.3333333333333,"Public","Female"
96.3636363636364,85.2941176470588,98.3333333333333,"Public","Female"
78.1818181818182,71.875,71.6666666666667,"Public","Female"
78.1818181818182,73.75,76.6666666666667,"Public","Male"
74.5454545454545,68.6666666666667,61.6666666666667,"Public","Female"
78.1818181818182,61.3333333333333,56.6666666666667,"Public","Female"
30.9090909090909,40,33.3333333333333,"Public","Female"
78.1818181818182,62.5806451612903,43.3333333333333,"Public","Male"
60,56.875,46.6666666666667,"Private","Female"
67.2727272727273,63.6363636363636,66.6666666666667,"Public","Female"
63.6363636363636,57.4193548387097,56.6666666666667,"Public","Female"
78.1818181818182,73.75,71.6666666666667,"Public","Female"
60,60,60,"Public","Female"
89.0909090909091,80.6451612903226,88.3333333333333,"Public","Female"
23.6363636363636,30.9677419354839,25,"Public","Female"
94.5454545454545,83.2258064516129,85,"Public","Female"
40,41.8181818181818,33.3333333333333,"Public","Female"
80,69.0322580645161,63.3333333333333,"Public","Female"
80,77.4193548387097,80,"Public","Female"
65.4545454545455,61.9354838709677,65,"Public","Female"
52.7272727272727,52,43.3333333333333,"Public","Female"
80,73.3333333333333,71.6666666666667,"Public","Female"
89.0909090909091,78,80,"Public","Female"
74.5454545454545,68,73.3333333333333,"Public","Female"
80,75.3333333333333,80,"Public","Female"
60,65.625,66.6666666666667,"Public","Female"
67.2727272727273,60.6666666666667,56.6666666666667,"Public","Male"
63.6363636363636,48.3870967741936,33.3333333333333,"Public","Female"
83.6363636363636,81.3793103448276,83.3333333333333,"Public","Female"
70.9090909090909,65.8064516129032,65,"Public","Male"
34.5454545454545,41.2903225806452,33.3333333333333,"Public","Male"
67.2727272727273,70.6666666666667,78.3333333333333,"Public","Female"
80,70.3030303030303,71.6666666666667,"Public","Female"
65.4545454545455,56.6666666666667,41.6666666666667,"Public","Female"
83.6363636363636,74.375,76.6666666666667,"Public","Female"
87.2727272727273,81.2903225806452,88.3333333333333,"Public","Female"
92.7272727272727,80.6451612903226,90,"Public","Female"
98.1818181818182,70.3448275862069,50,"Public","Female"
23.6363636363636,34.7058823529412,20,"Public","Female"
61.8181818181818,58.125,51.6666666666667,"Public","Female"
41.8181818181818,58.0645161290323,71.6666666666667,"Public","Male"
61.8181818181818,65,75,"Public","Female"
23.6363636363636,36.7741935483871,30,"Public","Female"
38.1818181818182,40.6060606060606,30,"Public","Female"
100,66.6666666666667,43.3333333333333,"Public","Female"
80,73.3333333333333,81.6666666666667,"Public","Female"
100,91.6129032258065,100,"Public","Female"
52.7272727272727,59.3548387096774,65,"Public","Female"
30.9090909090909,32,26.6666666666667,"Public","Female"
80,69.4117647058823,70,"Public","Male"
67.2727272727273,63.125,61.6666666666667,"Public","Female"
69.0909090909091,70.9677419354839,83.3333333333333,"Public","Female"
89.0909090909091,76.25,75,"Public","Female"
60,69.6774193548387,91.6666666666667,"Public","Female"
69.0909090909091,62,56.6666666666667,"Public","Female"
74.5454545454545,69.4117647058823,70,"Public","Female"
74.5454545454545,73.3333333333333,78.3333333333333,"Private","Female"
89.0909090909091,84.5161290322581,90,"Public","Female"
78.1818181818182,68.3870967741936,63.3333333333333,"Public","Female"
76.3636363636364,67.4285714285714,68.3333333333333,"Public","Female"
100,92,100,"Public","Female"
74.5454545454545,65.625,68.3333333333333,"Public","Female"
69.0909090909091,59.375,53.3333333333333,"Public","Female"
80,73.125,73.3333333333333,"Public","Female"
80,65.1612903225807,60,"Public","Female"
89.0909090909091,80,80,"Public","Female"
45.4545454545455,53.1034482758621,61.6666666666667,"Public","Female"
60,61.875,60,"Public","Female"
80,76.1290322580645,80,"Public","Female"
85.4545454545455,73.125,73.3333333333333,"Private","Female"
58.1818181818182,58.8571428571429,65,"Public","Female"
58.1818181818182,54.7058823529412,50,"Public","Female"
76.3636363636364,80,100,"Public","Female"
76.3636363636364,75.3333333333333,75,"Public","Female"
58.1818181818182,60,63.3333333333333,"Public","Male"
80,69.375,70,"Public","Female"
74.5454545454545,69.6774193548387,70,"Public","Female"
32.7272727272727,39.375,30,"Public","Female"
80,71.3333333333333,70,"Public","Female"
80,73.5483870967742,76.6666666666667,"Public","Female"
21.8181818181818,30.9090909090909,25,"Public","Female"
80,75.4838709677419,80,"Public","Female"
85.4545454545455,68.125,55,"Public","Female"
85.4545454545455,80.6060606060606,93.3333333333333,"Private","Male"
98.1818181818182,87.2727272727273,96.6666666666667,"Public","Female"
52.7272727272727,40.6896551724138,26.6666666666667,"Public","Female"
52.7272727272727,54.6666666666667,53.3333333333333,"Public","Female"
74.5454545454545,69.0322580645161,66.6666666666667,"Public","Female"
60,55.7575757575758,46.6666666666667,"Public","Male"
69.0909090909091,72,83.3333333333333,"Public","Female"
70.9090909090909,59.3548387096774,53.3333333333333,"Public","Female"
67.2727272727273,56,50,"Public","Female"
41.8181818181818,41.2903225806452,38.3333333333333,"Public","Male"
52.7272727272727,52.7272727272727,50,"Public","Female"
61.8181818181818,69.6969696969697,83.3333333333333,"Public","Female"
80,56.1290322580645,26.6666666666667,"Public","Female"
72.7272727272727,71.0344827586207,76.6666666666667,"Public","Female"
61.8181818181818,58.0645161290323,56.6666666666667,"Public","Female"
60,54.8387096774194,48.3333333333333,"Public","Female"
58.1818181818182,52,46.6666666666667,"Public","Female"
61.8181818181818,62.4242424242424,60,"Public","Female"
60,61.25,60,"Public","Female"
54.5454545454545,62.5,68.3333333333333,"Public","Female"
67.2727272727273,58.75,48.3333333333333,"Public","Female"
85.4545454545455,78.125,78.3333333333333,"Public","Female"
34.5454545454545,41.9354838709677,35,"Public","Female"
80,68.125,63.3333333333333,"Public","Female"
78.1818181818182,71.5151515151515,75,"Public","Female"
58.1818181818182,55.4838709677419,46.6666666666667,"Public","Female"
70.9090909090909,66.6666666666667,66.6666666666667,"Public","Female"
100,76.551724137931,63.3333333333333,"Public","Female"
52.7272727272727,48.3870967741936,33.3333333333333,"Public","Female"
67.2727272727273,65,63.3333333333333,"Public","Female"
74.5454545454545,65.3333333333333,55,"Public","Female"
54.5454545454545,47.5,41.6666666666667,"Public","Female"
87.2727272727273,70.3225806451613,53.3333333333333,"Public","Female"
76.3636363636364,56.1290322580645,36.6666666666667,"Public","Female"
56.3636363636364,53.3333333333333,48.3333333333333,"Public","Female"
80,71.5151515151515,66.6666666666667,"Public","Female"
63.6363636363636,62.0689655172414,60,"Public","Female"
80,72.3529411764706,73.3333333333333,"Public","Female"
56.3636363636364,49.375,43.3333333333333,"Public","Female"
49.0909090909091,49.375,46.6666666666667,"Public","Female"
67.2727272727273,66.875,71.6666666666667,"Public","Female"
56.3636363636364,52.258064516129,48.3333333333333,"Public","Female"
45.4545454545455,58.7096774193548,75,"Public","Female"
29.0909090909091,35.7575757575758,23.3333333333333,"Public","Female"
56.3636363636364,56.875,51.6666666666667,"Public","Male"
72.7272727272727,70.625,73.3333333333333,"Public","Female"
76.3636363636364,66.875,65,"Public","Female"
52.7272727272727,58.75,66.6666666666667,"Public","Male"
50.9090909090909,49.0909090909091,43.3333333333333,"Public","Female"
74.5454545454545,68.3870967741936,68.3333333333333,"Public","Male"
78.1818181818182,76.4705882352941,85,"Public","Female"
56.3636363636364,59.3939393939394,63.3333333333333,"Public","Female"
32.7272727272727,51.25,65,"Public","Female"
63.6363636363636,61.25,60,"Public","Female"
56.3636363636364,71.6129032258064,83.3333333333333,"Private","Male"
58.1818181818182,49.0322580645161,36.6666666666667,"Public","Female"
52.7272727272727,48.4848484848485,40,"Public","Female"
83.6363636363636,68.125,58.3333333333333,"Public","Female"
83.6363636363636,65.3333333333333,51.6666666666667,"Public","Female"
47.2727272727273,45.625,36.6666666666667,"Public","Male"
52.7272727272727,53.125,53.3333333333333,"Public","Female"
81.8181818181818,73.5483870967742,78.3333333333333,"Public","Female"
80,70.3225806451613,75,"Public","Female"
40,49.375,60,"Public","Male"
49.0909090909091,50,48.3333333333333,"Public","Male"
76.3636363636364,72.258064516129,73.3333333333333,"Public","Female"
58.1818181818182,56.1290322580645,55,"Public","Female"
49.0909090909091,61.2903225806452,68.3333333333333,"Public","Female"
70.9090909090909,63.2258064516129,51.6666666666667,"Public","Female"
78.1818181818182,72.5,68.3333333333333,"Public","Male"
60,63.030303030303,68.3333333333333,"Public","Female"
72.7272727272727,64.375,61.6666666666667,"Public","Male"
50.9090909090909,60.7142857142857,75,"Public","Female"
54.5454545454545,54.8387096774194,48.3333333333333,"Public","Male"
67.2727272727273,63.2258064516129,63.3333333333333,"Public","Male"
80,67.8787878787879,68.3333333333333,"Public","Male"
49.0909090909091,46.4516129032258,33.3333333333333,"Public","Male"
23.6363636363636,31.25,23.3333333333333,"Private","Male"
27.2727272727273,36.7741935483871,36.6666666666667,"Public","Male"
80,74.8387096774193,73.3333333333333,"Public","Female"
56.3636363636364,51.7241379310345,45,"Public","Female"
80,67.5,60,"Public","Female"
74.5454545454545,62.6666666666667,53.3333333333333,"Public","Female"
98.1818181818182,78.7878787878788,80,"Public","Female"
69.0909090909091,68.4848484848485,70,"Public","Male"
74.5454545454545,72.5,83.3333333333333,"Public","Male"
60,64,73.3333333333333,"Public","Male"
20,37.9310344827586,46.6666666666667,"Public","Male"
43.6363636363636,40.6666666666667,33.3333333333333,"Public","Male"
20,31.25,20,"Public","Female"
61.8181818181818,64.1176470588235,63.3333333333333,"Public","Female"
61.8181818181818,60.625,66.6666666666667,"Public","Female"
80,74,80,"Private","Male"
61.8181818181818,58.7096774193548,58.3333333333333,"Public","Female"
54.5454545454545,61.875,63.3333333333333,"Public","Female"
63.6363636363636,58.1818181818182,55,"Public","Female"
80,72.7272727272727,75,"Public","Male"
50.9090909090909,49.3333333333333,50,"Public","Male"
72.7272727272727,68.75,76.6666666666667,"Public","Female"
61.8181818181818,56.7741935483871,55,"Public","Female"
65.4545454545455,59.3939393939394,55,"Public","Male"
92.7272727272727,78.1818181818182,80,"Public","Female"
74.5454545454545,58.75,46.6666666666667,"Public","Female"
69.0909090909091,62.4242424242424,58.3333333333333,"Public","Female"
60,60.6451612903226,58.3333333333333,"Public","Female"
74.5454545454545,65.8064516129032,63.3333333333333,"Public","Female"
74.5454545454545,66.875,68.3333333333333,"Public","Female"
65.4545454545455,58.0645161290323,46.6666666666667,"Public","Male"
47.2727272727273,52.9032258064516,53.3333333333333,"Public","Female"
76.3636363636364,66.4516129032258,56.6666666666667,"Public","Male"
40,51.6129032258064,60,"Public","Male"
36.3636363636364,42,33.3333333333333,"Public","Female"
90.9090909090909,76.25,75,"Public","Male"
83.6363636363636,74.1935483870968,76.6666666666667,"Public","Male"
70.9090909090909,73.5483870967742,86.6666666666667,"Public","Female"
70.9090909090909,62.9411764705882,61.6666666666667,"Public","Female"
65.4545454545455,56.969696969697,51.6666666666667,"Public","Male"
80,77.9310344827586,80,"Public","Female"
70.9090909090909,69.0322580645161,76.6666666666667,"Public","Male"
49.0909090909091,53.5294117647059,48.3333333333333,"Private","Male"
74.5454545454545,66.4516129032258,61.6666666666667,"Public","Female"
76.3636363636364,69.6774193548387,70,"Public","Female"
49.0909090909091,52.258064516129,58.3333333333333,"Public","Male"
74.5454545454545,69.6969696969697,80,"Public","Female"
80,77.4193548387097,80,"Public","Female"
70.9090909090909,66.6666666666667,66.6666666666667,"Public","Female"
70.9090909090909,58.1818181818182,51.6666666666667,"Public","Male"
69.0909090909091,60.6896551724138,55,"Public","Female"
47.2727272727273,48,40,"Public","Female"
76.3636363636364,65.3333333333333,58.3333333333333,"Public","Female"
56.3636363636364,55.7575757575758,53.3333333333333,"Public","Female"
54.5454545454545,51.875,45,"Public","Female"
40,41.3793103448276,41.6666666666667,"Public","Male"
74.5454545454545,62.5806451612903,56.6666666666667,"Public","Female"
67.2727272727273,66.6666666666667,66.6666666666667,"Public","Female"
74.5454545454545,64.375,60,"Public","Female"
60,55,46.6666666666667,"Public","Female"
70.9090909090909,71.25,80,"Public","Male"
78.1818181818182,69.6969696969697,76.6666666666667,"Public","Female"
52.7272727272727,55.4838709677419,51.6666666666667,"Public","Female"
70.9090909090909,66.25,73.3333333333333,"Public","Male"
58.1818181818182,56.875,48.3333333333333,"Public","Female"
40,48.3870967741936,55,"Public","Male"
58.1818181818182,61.875,66.6666666666667,"Public","Male"
83.6363636363636,79.3333333333333,85,"Public","Male"
47.2727272727273,65.1612903225807,86.6666666666667,"Public","Female"
43.6363636363636,46.0606060606061,43.3333333333333,"Public","Male"
96.3636363636364,73.75,61.6666666666667,"Public","Female"
83.6363636363636,74.1935483870968,71.6666666666667,"Public","Male"
63.6363636363636,55.625,56.6666666666667,"Public","Female"
98.1818181818182,73.7931034482759,58.3333333333333,"Public","Female"
70.9090909090909,63.030303030303,58.3333333333333,"Public","Female"
65.4545454545455,58.7878787878788,53.3333333333333,"Public","Male"
80,74.1935483870968,76.6666666666667,"Public","Male"
60,51.1111111111111,46.6666666666667,"Public","Female"
43.6363636363636,65.8064516129032,85,"Public","Female"
78.1818181818182,60,38.3333333333333,"Public","Male"
41.8181818181818,47.741935483871,43.3333333333333,"Public","Male"
47.2727272727273,50.3225806451613,46.6666666666667,"Public","Male"
80,71.7647058823529,80,"Public","Male"
60,58.7096774193548,58.3333333333333,"Public","Female"
60,60.5882352941176,58.3333333333333,"Public","Female"
80,76.6666666666667,80,"Public","Female"
38.1818181818182,46.6666666666667,53.3333333333333,"Public","Female"
52.7272727272727,53.125,50,"Public","Male"
72.7272727272727,66.875,66.6666666666667,"Public","Male"
34.5454545454545,58,70,"Public","Female"
60,60,58.3333333333333,"Public","Female"
83.6363636363636,80,85,"Public","Female"
56.3636363636364,54.6666666666667,55,"Public","Female"
76.3636363636364,63.030303030303,56.6666666666667,"Public","Female"
76.3636363636364,74.1935483870968,75,"Public","Male"
60,62.6666666666667,65,"Public","Female"
100,67.741935483871,43.3333333333333,"Public","Female"
80,74.375,76.6666666666667,"Public","Female"
76.3636363636364,70.3030303030303,75,"Public","Female"
72.7272727272727,67.2727272727273,68.3333333333333,"Public","Female"
58.1818181818182,56.875,56.6666666666667,"Public","Female"
85.4545454545455,85.3333333333333,88.3333333333333,"Public","Female"
80,74.5454545454545,80,"Public","Female"
92.7272727272727,76.7741935483871,73.3333333333333,"Public","Female"
61.8181818181818,44.6666666666667,31.6666666666667,"Public","Male"
80,75.625,83.3333333333333,"Public","Female"
58.1818181818182,58.0645161290323,51.6666666666667,"Public","Female"
80,82.1428571428571,86.6666666666667,"Public","Female"
81.8181818181818,80,80,"Public","Female"
78.1818181818182,66.4516129032258,66.6666666666667,"Public","Male"
96.3636363636364,80.625,80,"Public","Female"
100,82.5,88.3333333333333,"Public","Female"
74.5454545454545,69.4117647058823,75,"Public","Female"
52.7272727272727,50.9090909090909,41.6666666666667,"Public","Female"
72.7272727272727,67.8787878787879,70,"Public","Female"
72.7272727272727,64.5161290322581,63.3333333333333,"Public","Female"
54.5454545454545,50.625,43.3333333333333,"Public","Female"
78.1818181818182,77.4193548387097,83.3333333333333,"Public","Male"
74.5454545454545,66.4516129032258,63.3333333333333,"Public","Female"
60,50.3225806451613,33.3333333333333,"Public","Female"
30.9090909090909,38.125,38.3333333333333,"Public","Male"
83.6363636363636,74.8387096774193,71.6666666666667,"Public","Male"
81.8181818181818,67.5,60,"Public","Female"
56.3636363636364,56.1290322580645,50,"Public","Female"
61.8181818181818,56.3636363636364,58.3333333333333,"Public","Female"
87.2727272727273,72,60,"Public","Female"
58.1818181818182,54.5454545454545,51.6666666666667,"Public","Female"
58.1818181818182,58.6666666666667,55,"Public","Female"
100,83.8709677419355,75,"Public","Female"
78.1818181818182,79.3548387096774,93.3333333333333,"Private","Female"
100,86.875,100,"Public","Male"
98.1818181818182,86,85,"Public","Female"
63.6363636363636,65.625,66.6666666666667,"Public","Female"
60,55.4838709677419,51.6666666666667,"Public","Female"
69.0909090909091,61.3333333333333,55,"Public","Female"
54.5454545454545,53.1034482758621,53.3333333333333,"Public","Male"
63.6363636363636,60.6451612903226,56.6666666666667,"Public","Male"
67.2727272727273,69.6969696969697,80,"Public","Female"
43.6363636363636,60,75,"Public","Female"
36.3636363636364,36.1290322580645,31.6666666666667,"Public","Female"
81.8181818181818,75.7575757575758,80,"Public","Female"
72.7272727272727,72.6666666666667,73.3333333333333,"Public","Male"
87.2727272727273,81.25,86.6666666666667,"Public","Female"
67.2727272727273,65.4545454545455,68.3333333333333,"Public","Female"
100,78.7096774193548,73.3333333333333,"Public","Female"
50.9090909090909,47.5,40,"Public","Female"
34.5454545454545,37.9310344827586,36.6666666666667,"Public","Female"
49.0909090909091,55,53.3333333333333,"Public","Female"
52.7272727272727,50.9090909090909,53.3333333333333,"Public","Female"
72.7272727272727,73.5483870967742,81.6666666666667,"Public","Female"
80,72.258064516129,78.3333333333333,"Public","Female"
81.8181818181818,78.0645161290323,85,"Public","Female"
78.1818181818182,73.5483870967742,81.6666666666667,"Public","Female"
65.4545454545455,61.2121212121212,61.6666666666667,"Public","Female"
54.5454545454545,52.6666666666667,50,"Public","Female"
69.0909090909091,63.5294117647059,61.6666666666667,"Public","Female"
80,74.8387096774193,78.3333333333333,"Public","Female"
23.6363636363636,33.3333333333333,36.6666666666667,"Public","Female"
100,92.9032258064516,100,"Public","Female"
80,74.1935483870968,73.3333333333333,"Public","Female"
61.8181818181818,61.9354838709677,65,"Public","Female"
52.7272727272727,55.625,56.6666666666667,"Public","Female"
72.7272727272727,63.75,58.3333333333333,"Public","Female"
80,70.3225806451613,66.6666666666667,"Public","Female"
76.3636363636364,65.2941176470588,70,"Public","Female"
65.4545454545455,56.969696969697,53.3333333333333,"Public","Male"
100,89.6774193548387,100,"Private","Male"
41.8181818181818,35.1724137931034,31.6666666666667,"Public","Female"
50.9090909090909,57.3333333333333,58.3333333333333,"Public","Female"
